ref_id,symbol,dataset,manifest_safe_shards,protected_shards_opened
c01_authority:historical_trade_candles_5m:PF_1INCHUSD:628aad75ae18a0f63528f7ad7b15ab8b6c663edbbe7de06349acf8ab71b658d8,PF_1INCHUSD,trade,219,0
c01_authority:historical_mark_candles_5m:PF_1INCHUSD:17390be252c35b6c0093fa1bd0aeb8e63bdf7599b0626131a522a6be28520c04,PF_1INCHUSD,mark,219,0
c01_authority:historical_trade_candles_5m:PF_2ZUSD:e21306b2fed749bb947d4ead59fe4959b00774d6d5d2282e64a4359f93fbfd7c,PF_2ZUSD,trade,219,0
c01_authority:historical_mark_candles_5m:PF_2ZUSD:a3c430d57dadefe1f5c2fb51e126caec50f6ed78943eb76d944a5c7b75a4284f,PF_2ZUSD,mark,219,0
c01_authority:historical_trade_candles_5m:PF_AAVEUSD:5ffc54cbe47abf61e9d9e995fb1a011f496fbc142945857e12e1b65cf21f875b,PF_AAVEUSD,trade,219,0
c01_authority:historical_mark_candles_5m:PF_AAVEUSD:458d0cb2531a9370b3b73e3649696856f5a23305cada055a5c587f97d2f9dbd4,PF_AAVEUSD,mark,219,0
c01_authority:historical_trade_candles_5m:PF_ACEUSD:b7b59feb898b6b994c9fd6ff33d6bd561c14563fc4d63a5a27f5cc6ce773e1ac,PF_ACEUSD,trade,219,0
c01_authority:historical_mark_candles_5m:PF_ACEUSD:3cac5aff6f3577b3ad407a3f048092a5795e22d35f7eff9b14c8e185a10723a2,PF_ACEUSD,mark,219,0
c01_authority:historical_trade_candles_5m:PF_ADAUSD:790acc31458930be818256f8d05731f389abbed09f3008d26f1962c3a8ce7a30,PF_ADAUSD,trade,219,0
c01_authority:historical_mark_candles_5m:PF_ADAUSD:0c1a6cbcc4cf5faa7f22130846152fc92b54d59a92919350c32c3b6bc7c5649d,PF_ADAUSD,mark,219,0
c01_authority:historical_trade_candles_5m:PF_AEVOUSD:f685b8f431e0de98d28f5b9a87a104ccdc9799edd3912d1b4fb063f64396842c,PF_AEVOUSD,trade,219,0
c01_authority:historical_mark_candles_5m:PF_AEVOUSD:ce7f290a7e91db2e883dd0083fd00c30cab1312fc41fc2c26608c7861f6d9930,PF_AEVOUSD,mark,219,0
c01_authority:historical_trade_candles_5m:PF_AGLDUSD:83c23998be60a726e708940737e5074ae1d7747604a0d1176b9c9ffdeafdbb3f,PF_AGLDUSD,trade,219,0
c01_authority:historical_mark_candles_5m:PF_AGLDUSD:21069f769e00871c91162de84aeae3c6c26a366a722d8ff49bf0bdc9e86011cf,PF_AGLDUSD,mark,219,0
c01_authority:historical_trade_candles_5m:PF_AIXBTUSD:ac87a8cfd5349960b6d67431ca6fbbae8f8bf263f2718cdb4ba1ed14964ba6bd,PF_AIXBTUSD,trade,219,0
c01_authority:historical_mark_candles_5m:PF_AIXBTUSD:a4951d2ddccc8d859100ea4287dd4a9545ee8b734aca4070bdd5bd10ea85d889,PF_AIXBTUSD,mark,219,0
c01_authority:historical_trade_candles_5m:PF_AKTUSD:767fcab56f2dc9f1875ebef14a88fbce344c62b642587bdfca456beaa9f88215,PF_AKTUSD,trade,219,0
c01_authority:historical_mark_candles_5m:PF_AKTUSD:05b216e3481a7fff5ba811c5affe673946f4203debb63214a8ce644eaf494666,PF_AKTUSD,mark,219,0
c01_authority:historical_trade_candles_5m:PF_ALCHUSD:a121013fe63819c53be6246847901fafd088974c87a68334d5959fa60edd071f,PF_ALCHUSD,trade,219,0
c01_authority:historical_mark_candles_5m:PF_ALCHUSD:c833a77754df65c7c570e5a05a900272d9820a868ccf43e9ecfaa9222ccc9a08,PF_ALCHUSD,mark,219,0
c01_authority:historical_trade_candles_5m:PF_ALGOUSD:19d0f747ebe112d3d05cad5d59cb1ac933b44863e0f65cac9f0c5ab262f845b4,PF_ALGOUSD,trade,219,0
c01_authority:historical_mark_candles_5m:PF_ALGOUSD:c5f4d93e948e743243a44fb481b9ae777eca3b6ad069cac873c111470fa7662e,PF_ALGOUSD,mark,219,0
c01_authority:historical_trade_candles_5m:PF_ALICEUSD:c23575f16e47102b7d9a967d9cce7a233637fb60d8e3e7f59ed7be8f63afcb5c,PF_ALICEUSD,trade,219,0
c01_authority:historical_mark_candles_5m:PF_ALICEUSD:d53771a95584ea1a5915f30e63740287585a3a9e762809c025e953f5aaca69a6,PF_ALICEUSD,mark,219,0
c01_authority:historical_trade_candles_5m:PF_ALTUSD:2061e6f2d5060fc6fd5b3e79a426989426c6542771a46878bd3a8dc1f03932b5,PF_ALTUSD,trade,219,0
c01_authority:historical_mark_candles_5m:PF_ALTUSD:a1e1f66a592e41c16d0cec3fb603e422af1eb362a15f09eac2be28ca52138484,PF_ALTUSD,mark,219,0
c01_authority:historical_trade_candles_5m:PF_ANIMEUSD:deb584edb150a3a01fe51faf7a915db18785091be3da0e66b97fcda23cf24e83,PF_ANIMEUSD,trade,219,0
c01_authority:historical_mark_candles_5m:PF_ANIMEUSD:0f19c3d6139f9dbf481bc51ba803d715f43baabdea3091ace1373a38e95f99a5,PF_ANIMEUSD,mark,219,0
c01_authority:historical_trade_candles_5m:PF_ANKRUSD:5c0dd2ddd89f383d6e785f4b0235aad6066fb78414c40e77f8b1b2fca59f22ce,PF_ANKRUSD,trade,219,0
c01_authority:historical_mark_candles_5m:PF_ANKRUSD:5227ff85c221013a9344d6b92654c09f816ae4fe8336ff49743cfd8bb0d5d65e,PF_ANKRUSD,mark,219,0
c01_authority:historical_trade_candles_5m:PF_APEUSD:a3a80a07b375de4b94007c75dc70d67c901a94281792c3a0449dc7180dbfbad8,PF_APEUSD,trade,219,0
c01_authority:historical_mark_candles_5m:PF_APEUSD:41c3d9db2273f636eda8af4078fe0f1a5037fef71d3c6c30d7c631e4e3a527c2,PF_APEUSD,mark,219,0
c01_authority:historical_trade_candles_5m:PF_API3USD:9c910b6469a55bee20d249ba9d1808a8b04a6a4780283925d1a3c97bb4b015e9,PF_API3USD,trade,219,0
c01_authority:historical_mark_candles_5m:PF_API3USD:284403d5ce3a86c80b7f8f93d4cb5838a1461dfc4929eaff8816ee70ce57e218,PF_API3USD,mark,219,0
c01_authority:historical_trade_candles_5m:PF_APTUSD:5d885428d54b9d6e29ad5118ae4c604fe1dde839ffa50e78918df3b51334135c,PF_APTUSD,trade,219,0
c01_authority:historical_mark_candles_5m:PF_APTUSD:1db6c647a4cab906a531eb99d875792e78e03d7e18a44a887b552cad8a12ffc9,PF_APTUSD,mark,219,0
c01_authority:historical_trade_candles_5m:PF_ARBUSD:5f74d1ee219f7a516d3f5babb8ba02b4ca2ab2bade6b48450b88240c5b8b7c19,PF_ARBUSD,trade,219,0
c01_authority:historical_mark_candles_5m:PF_ARBUSD:e26afe0824c603ead8a777128bb59edfc8f21d74afec70deb9d1361cc39f6af9,PF_ARBUSD,mark,219,0
c01_authority:historical_trade_candles_5m:PF_ARCUSD:6956fdc37f5f74aa40a2a5a86b37dcc7aa65d44389507514b5f1d064fae7a6fe,PF_ARCUSD,trade,219,0
c01_authority:historical_mark_candles_5m:PF_ARCUSD:1205a2268fbf48d5bfad82d644cf88df41a2f4cdab667f3955c65f6e8aa87cee,PF_ARCUSD,mark,219,0
c01_authority:historical_trade_candles_5m:PF_ARKMUSD:fd8b4fee7fdf3a827f7a1c6ba64a474f17777e069d6a5ecda111611b1242d3ee,PF_ARKMUSD,trade,219,0
c01_authority:historical_mark_candles_5m:PF_ARKMUSD:bd5c668b60cb60e2e94c4e79811fc54e2fbe8e6bf6155d61f9e7b65b5f1dbfdc,PF_ARKMUSD,mark,219,0
c01_authority:historical_trade_candles_5m:PF_ARUSD:d2a2b14f78a7c81b7704bbc90c368a76d0c889eedf6fab97a6e265d3c16f0de5,PF_ARUSD,trade,219,0
c01_authority:historical_mark_candles_5m:PF_ARUSD:4edb7be5abdf4764fefbfbf3dc216ccc85a2d3ed5449678c08627a444ec4cbb5,PF_ARUSD,mark,219,0
c01_authority:historical_trade_candles_5m:PF_ASTERUSD:0232d780ce83a41d7846bb3c4a29334f5f1f9962fce90530b9e58226e658fc83,PF_ASTERUSD,trade,219,0
c01_authority:historical_mark_candles_5m:PF_ASTERUSD:05473b6512bf9d182590023e1501964a2ab41096e9589948f0088b145564fa5d,PF_ASTERUSD,mark,219,0
c01_authority:historical_trade_candles_5m:PF_ASTRUSD:13c89765ae9a10bb4701a874390638c3c545eb758fb2dc4fc99560d1ed756ac7,PF_ASTRUSD,trade,219,0
c01_authority:historical_mark_candles_5m:PF_ASTRUSD:98c83b2ef96174af508544c3733eb5a950b12a05ea868c85acc4ea40a3a5f263,PF_ASTRUSD,mark,219,0
c01_authority:historical_trade_candles_5m:PF_ATHUSD:c30ee95513bb97747e5821aecb728c03cb77f0d159b53a8d3f97fe06a4828d3f,PF_ATHUSD,trade,219,0
c01_authority:historical_mark_candles_5m:PF_ATHUSD:6123fee9f70b435c338cc44a88bf1bdc57f78d7ea0b6c33dcc58a57f5a092695,PF_ATHUSD,mark,219,0
c01_authority:historical_trade_candles_5m:PF_ATOMUSD:4f7efd68b4e9d3f24738b8cba831c8c7ca44425f62b8c478fe4fb1e859b12926,PF_ATOMUSD,trade,219,0
c01_authority:historical_mark_candles_5m:PF_ATOMUSD:01181188b72d55e80c2da6781f83683783f247f1206a73bb3e27b988b190e529,PF_ATOMUSD,mark,219,0
c01_authority:historical_trade_candles_5m:PF_AUCTIONUSD:c89b2c8446485163421abc9db711329e5705adcce3dff03fe60319bf8a04287e,PF_AUCTIONUSD,trade,219,0
c01_authority:historical_mark_candles_5m:PF_AUCTIONUSD:c1493c209edf3700f8ba2395c53c2497ce81573f293b6f2dfaa4a9ae6d2b86cf,PF_AUCTIONUSD,mark,219,0
c01_authority:historical_trade_candles_5m:PF_AVAXUSD:e79c8e2a04caa302a83ec44baeda7ed72922e61c6b91cdbaa7782d926ee79d75,PF_AVAXUSD,trade,219,0
c01_authority:historical_mark_candles_5m:PF_AVAXUSD:4f4d83e6c6350d202022c938c16bcec34c0f0109023e9d66a7d751b1c77837db,PF_AVAXUSD,mark,219,0
c01_authority:historical_trade_candles_5m:PF_AXSUSD:d3ab8119f4eb4820a3d0ca255f7e5d4a5977d62f0cf983f8efa22638eb79ba38,PF_AXSUSD,trade,219,0
c01_authority:historical_mark_candles_5m:PF_AXSUSD:de013ac58e60ce15f05d977a394a3584f5984e03c5c3642e78657e3d5dc3c77c,PF_AXSUSD,mark,219,0
c01_authority:historical_trade_candles_5m:PF_B3USD:234a670405b3734f48a99ee7f8d2c81ece389d8bfd2446e877ba2e78f38807c9,PF_B3USD,trade,219,0
c01_authority:historical_mark_candles_5m:PF_B3USD:1f6ad50969085642e0f2bb771abbfd1eb2abc765f737be9d15b715e0b43062b3,PF_B3USD,mark,219,0
c01_authority:historical_trade_candles_5m:PF_BANANAUSD:99aad83a393c9767b54dd4610483233daf17efbe21ac89553cf9c399a708663e,PF_BANANAUSD,trade,219,0
c01_authority:historical_mark_candles_5m:PF_BANANAUSD:79527081f3054acf475821fcd08185d262463146ceddfba4aa39ec9fdcde60bd,PF_BANANAUSD,mark,219,0
c01_authority:historical_trade_candles_5m:PF_BANDUSD:d1ba7edd0c533361b1716e2ae9ea7cb617fbcf269601399566e14eca2fe88cb7,PF_BANDUSD,trade,219,0
c01_authority:historical_mark_candles_5m:PF_BANDUSD:b7c1147283607096fdfd27735badafb82ad0ab28b954f69593084de86efa190a,PF_BANDUSD,mark,219,0
c01_authority:historical_trade_candles_5m:PF_BATUSD:6ca25a91565126204e8a2681d6bc4450dc6c050804eba6eb1455067f5939e928,PF_BATUSD,trade,219,0
c01_authority:historical_mark_candles_5m:PF_BATUSD:4fde0dff2b9ae25b68f1db706ce8e5bc97179c04ff432ba86191821253a3ed1b,PF_BATUSD,mark,219,0
c01_authority:historical_trade_candles_5m:PF_BBUSD:58259f6996b5288a1a5d163393b5d2c36712cf883d2f85e86b9864240c694806,PF_BBUSD,trade,219,0
c01_authority:historical_mark_candles_5m:PF_BBUSD:8ae814f13c7fb32814073789e9d726d8a969bd1e7dd13c4c1c0cfb4b5ad947f6,PF_BBUSD,mark,219,0
c01_authority:historical_trade_candles_5m:PF_BCHUSD:2f0cdaf064c0a987f41bad534eeb21abb4819612e73f9636c9e09334fb9e47e0,PF_BCHUSD,trade,219,0
c01_authority:historical_mark_candles_5m:PF_BCHUSD:2ca4be5a73b031a8116c6d8d4f89075b03c56265c256227cb661937816838459,PF_BCHUSD,mark,219,0
c01_authority:historical_trade_candles_5m:PF_BEAMUSD:871d241de8b4488e0ed70fd05c7c11cb093d2e30badd132c2739c2c01f7537a1,PF_BEAMUSD,trade,219,0
c01_authority:historical_mark_candles_5m:PF_BEAMUSD:54e15193b4ed6adf6eb3ff55d0ef28c776f1cab315910484ad14f11d8e0e7d87,PF_BEAMUSD,mark,219,0
c01_authority:historical_trade_candles_5m:PF_BELUSD:b2dcee6b19fc1d32d30c94516098c679f8e5295e03a8e03ad60c29d5cc97205e,PF_BELUSD,trade,219,0
c01_authority:historical_mark_candles_5m:PF_BELUSD:dca6d0955c9deecc2c97ba510b6d8176e004220ecb28f32d4322b73aae785922,PF_BELUSD,mark,219,0
c01_authority:historical_trade_candles_5m:PF_BERAUSD:865e6eebdab02b0cb931d4881a92676a54d0b8be4deb4785f8bb34bbee30d909,PF_BERAUSD,trade,219,0
c01_authority:historical_mark_candles_5m:PF_BERAUSD:b3ff4cd7168b67fa8324d26af881cd717246ab4b9a520686223f7765b03f5f49,PF_BERAUSD,mark,219,0
c01_authority:historical_trade_candles_5m:PF_BICOUSD:ae82df85b5a768631bc4a7a8cb73a1d10ca385469632a634b8fcdd0f369a3bc0,PF_BICOUSD,trade,219,0
c01_authority:historical_mark_candles_5m:PF_BICOUSD:abca7f3f29d0ec31589e406329fb95255c6d5f882c8df00e7d1e6a05c4d8a3f8,PF_BICOUSD,mark,219,0
c01_authority:historical_trade_candles_5m:PF_BIGTIMEUSD:5f169f4d4a86dde680752044741a0839ebb27b3dcd07938e752aac5e46835895,PF_BIGTIMEUSD,trade,219,0
c01_authority:historical_mark_candles_5m:PF_BIGTIMEUSD:5268bfaf63d19275713b3a478b2bdda3ab25df9719e7ec3e91f11779d684e40a,PF_BIGTIMEUSD,mark,219,0
c01_authority:historical_trade_candles_5m:PF_BIOUSD:3217ccfeb0e7626849a3ff183e30c716fafdeb01f6d6ac105f5d473768c5a0ea,PF_BIOUSD,trade,219,0
c01_authority:historical_mark_candles_5m:PF_BIOUSD:94466f9b0a3295755b9ec7e837fea0ab345d594d4ebc895ae30a6880e25de585,PF_BIOUSD,mark,219,0
c01_authority:historical_trade_candles_5m:PF_BLURUSD:5b9b8a7041f2a34ccecf4cf2c92cd2fd2604d25172bc6555dbdab5074475aa9b,PF_BLURUSD,trade,219,0
c01_authority:historical_mark_candles_5m:PF_BLURUSD:fd03306f7a276a19b56950975c2ddbd42462d7af041445a2245f12d31f971e86,PF_BLURUSD,mark,219,0
c01_authority:historical_trade_candles_5m:PF_BNBUSD:b8497f8066d8a88b9613ce5001f7b7f069b97becead22075909e6cfb7df9a703,PF_BNBUSD,trade,219,0
c01_authority:historical_mark_candles_5m:PF_BNBUSD:b0a4a0c0434ad3a340da04fcc226aa31855423f867bc91883d9de6f4abeefc6d,PF_BNBUSD,mark,219,0
c01_authority:historical_trade_candles_5m:PF_BNTUSD:871bdca11460b6aadcd6615724911362553c12f4b54b3014efd427600924057a,PF_BNTUSD,trade,219,0
c01_authority:historical_mark_candles_5m:PF_BNTUSD:6eee4ccf2924c33ced09a39ee2faf278a0c64118e9b22fa5323a98a22444c56f,PF_BNTUSD,mark,219,0
c01_authority:historical_trade_candles_5m:PF_BOMEUSD:c3fa2b6e5090012d79ef4c0f1dce1694039c41b2fefb50485b82768dcc7ec7ed,PF_BOMEUSD,trade,219,0
c01_authority:historical_mark_candles_5m:PF_BOMEUSD:731d2312dd2435c11182b1e8f7de9a5cc41b78b2c6ba0c9b3dec7f5b2b8c851a,PF_BOMEUSD,mark,219,0
c01_authority:historical_trade_candles_5m:PF_BONKUSD:e0d8e6dbc061b8ec360d77ad35e19ae249536f8ab889d0e693fcc18ca6428c44,PF_BONKUSD,trade,219,0
c01_authority:historical_mark_candles_5m:PF_BONKUSD:8ca7577565043aa7fc11e74cbe838cc4682fbba764e9c02897d1ea2ced43ae68,PF_BONKUSD,mark,219,0
c01_authority:historical_trade_candles_5m:PF_BRETTUSD:6156947d324a68ba94ff6d7702f1f2e0e17ca5e5cf0fd532bd9ed4e65d6ef70e,PF_BRETTUSD,trade,219,0
c01_authority:historical_mark_candles_5m:PF_BRETTUSD:9626f08a10edd52e50f405202bbb9220d476bc59904868b5eaad51d409c405ed,PF_BRETTUSD,mark,219,0
c01_authority:historical_trade_candles_5m:PF_C98USD:1bc5063574cd40964d694b78beb6efa0ca09b27741d90884549b844aa3ca2065,PF_C98USD,trade,219,0
c01_authority:historical_mark_candles_5m:PF_C98USD:b5194bbdab84706c2de1d317a41e8a42eb4a69a5945261d7a9c40b41b9062dba,PF_C98USD,mark,219,0
c01_authority:historical_trade_candles_5m:PF_CAKEUSD:513618dc41a13913d74032f30ca5d8ae2eedd6623f5dc94878e356a53baddec2,PF_CAKEUSD,trade,219,0
c01_authority:historical_mark_candles_5m:PF_CAKEUSD:14436c2ca30d5d2b1874a379b79aa8625126d544d5ff7cd78fb55762f6602724,PF_CAKEUSD,mark,219,0
c01_authority:historical_trade_candles_5m:PF_CATIUSD:901d9df2f981d5a5b10a566d578c87200ff682243c0747ad4236db28f52b6ee7,PF_CATIUSD,trade,219,0
c01_authority:historical_mark_candles_5m:PF_CATIUSD:7ca7d6395b33d265e79fdf2c9d0831997dc4fde2e0556bc3956e0d81ab8eab7d,PF_CATIUSD,mark,219,0
c01_authority:historical_trade_candles_5m:PF_CATUSD:11c7f86f77763873d6f087bc4c68bee776abdbae849c91da8c78e06ad5f9ecfb,PF_CATUSD,trade,219,0
c01_authority:historical_mark_candles_5m:PF_CATUSD:e1b4079ecbf9bc80e5002877ed8d8cd07d215a0d321af345d0dd0856814709b4,PF_CATUSD,mark,219,0
c01_authority:historical_trade_candles_5m:PF_CELOUSD:e5e3f89297fb7c27334ae2dab48139a2c635046b0c8c9ab3e7b185e96a33b921,PF_CELOUSD,trade,219,0
c01_authority:historical_mark_candles_5m:PF_CELOUSD:2636eb07d71e94b5a612f37dcdf9d957116a2e7da987c8eb397186114d2adcf0,PF_CELOUSD,mark,219,0
c01_authority:historical_trade_candles_5m:PF_CELRUSD:c15267ff7dd0146561b5f31516bc4be062b02128cfd5e1ab8b3e943443b42c4a,PF_CELRUSD,trade,219,0
c01_authority:historical_mark_candles_5m:PF_CELRUSD:0e38ddda83c3abec1e83b2c8aa145e8b8fca1fd6bde3b98bd2b2220f627a070e,PF_CELRUSD,mark,219,0
c01_authority:historical_trade_candles_5m:PF_CETUSUSD:faa568d951219d8b4c814f32135aadeb814db7bb21e5a2fe325fcd3514a284ea,PF_CETUSUSD,trade,219,0
c01_authority:historical_mark_candles_5m:PF_CETUSUSD:5c73e01a0b94224aee009994362f4ca8616bd17e9b24676fb7ba84b93e85a43d,PF_CETUSUSD,mark,219,0
c01_authority:historical_trade_candles_5m:PF_CFXUSD:97772c57b614248e065daedad32f4af4d756e906798590cda6aa5ab1da76bd82,PF_CFXUSD,trade,219,0
c01_authority:historical_mark_candles_5m:PF_CFXUSD:46cb5b5fc5bf2831414feadf4bb569412ecb2092846ac36d18cdcfea2f9b5c87,PF_CFXUSD,mark,219,0
c01_authority:historical_trade_candles_5m:PF_CGPTUSD:4efa04bda7eda81d79a9edcd614ec9975acef9c21106884e6872476b55c38942,PF_CGPTUSD,trade,219,0
c01_authority:historical_mark_candles_5m:PF_CGPTUSD:5d0b67a9b75db865659231367c8fb185af9243a419d1af16d3f757aa0e929de6,PF_CGPTUSD,mark,219,0
c01_authority:historical_trade_candles_5m:PF_CHILLGUYUSD:f2ac41f9df9db86e667274204844e0ba063fc9b74eba2a448209e3596ec3f8ff,PF_CHILLGUYUSD,trade,219,0
c01_authority:historical_mark_candles_5m:PF_CHILLGUYUSD:82fb190cf556cf3de36a64924d964d2ff227108b2db578eab6dd3f7fa406365c,PF_CHILLGUYUSD,mark,219,0
c01_authority:historical_trade_candles_5m:PF_CHRUSD:0446d5ba86666c472852d0584be8d7c37ea901cd2a3cdb333a6e16e64d335e81,PF_CHRUSD,trade,219,0
c01_authority:historical_mark_candles_5m:PF_CHRUSD:1df4504035a475547866ae454fd23f14e71d8620e1c23c292f48e69786000a65,PF_CHRUSD,mark,219,0
c01_authority:historical_trade_candles_5m:PF_CHZUSD:12945718d84a8f2799a9a5218df56f3c5b1378aac6046e533eef3d51e04e68db,PF_CHZUSD,trade,219,0
c01_authority:historical_mark_candles_5m:PF_CHZUSD:8256e254a2941181abeb30900dcfcca510fc818a3515831f782427fb05c61be4,PF_CHZUSD,mark,219,0
c01_authority:historical_trade_candles_5m:PF_CKBUSD:0beeebd1bb0aaae1644f1a2aefa2542c7c6065e092ea0d2ea76821b4eb01b35c,PF_CKBUSD,trade,219,0
c01_authority:historical_mark_candles_5m:PF_CKBUSD:ce5f4d9b9f700959bcaa56fda30a36930d482a7bb0692cebe6c3b68a963dbe46,PF_CKBUSD,mark,219,0
c01_authority:historical_trade_candles_5m:PF_COMPUSD:9da6a0c6bb9a963766aafc49bebf2fea8a46da8c9c19f8b36d411ee8856d190d,PF_COMPUSD,trade,219,0
c01_authority:historical_mark_candles_5m:PF_COMPUSD:ddb34d1e3985fc14e78a2d7ef5da79513012c7bf76ef82ada9387c0e9b2ba1b0,PF_COMPUSD,mark,219,0
c01_authority:historical_trade_candles_5m:PF_COOKIEUSD:e81fb2d2bb6d414f69be5287e09e57fdcf3405ece570a88793251aca67e604c5,PF_COOKIEUSD,trade,219,0
c01_authority:historical_mark_candles_5m:PF_COOKIEUSD:bfed23c79cc16a81022cf244206be1075f7b630450516c4c0e05628df509efc9,PF_COOKIEUSD,mark,219,0
c01_authority:historical_trade_candles_5m:PF_COTIUSD:add7b9609f3630e5d152eaf5d2de4ddff365e465d9b10750ed293b742904b96d,PF_COTIUSD,trade,219,0
c01_authority:historical_mark_candles_5m:PF_COTIUSD:ba3ba5d2f50fe778c6564ca3d0cd65f87d81ca7de140678194f57f46c7110738,PF_COTIUSD,mark,219,0
c01_authority:historical_trade_candles_5m:PF_COWUSD:9e276abeaf7b32db0eeb9b9063967bf1cd2f3fc38d42913062bd9548e75b55c4,PF_COWUSD,trade,219,0
c01_authority:historical_mark_candles_5m:PF_COWUSD:d92e45b6d7cd4e5989186fe3848a32982dc5638e3ab3eca071e6821440c66454,PF_COWUSD,mark,219,0
c01_authority:historical_trade_candles_5m:PF_CROUSD:8069fb221228159445d95f44ed3f98042d04e40869207585eeca53d0abadff04,PF_CROUSD,trade,219,0
c01_authority:historical_mark_candles_5m:PF_CROUSD:18ff25620399812fa3bd914b9be99eb3d60fe0baa3e6cc751b15cd7638afd4ec,PF_CROUSD,mark,219,0
c01_authority:historical_trade_candles_5m:PF_CRVUSD:1cadf2d342fc62576c2153968708b16c80bf0ae8f81152a9f07735f3bb267f5a,PF_CRVUSD,trade,219,0
c01_authority:historical_mark_candles_5m:PF_CRVUSD:9fd1597789022564a56d4240ddf7b639ccadef3f282df4e910a36c0c85b63fbf,PF_CRVUSD,mark,219,0
c01_authority:historical_trade_candles_5m:PF_CTSIUSD:cd5bcdcae921826e24b4f5d9a97d0b43b8ad01989960a42f18d3a4802dbe2317,PF_CTSIUSD,trade,219,0
c01_authority:historical_mark_candles_5m:PF_CTSIUSD:6929b1b3769e7a21c7ac428d80cf718ec85f8f894f49538110c141e5014a7bad,PF_CTSIUSD,mark,219,0
c01_authority:historical_trade_candles_5m:PF_CVXUSD:a57fc68ae1def818d646b45c890f5ff8c9c0777a2ff573cdbac4b8654b0c84f5,PF_CVXUSD,trade,219,0
c01_authority:historical_mark_candles_5m:PF_CVXUSD:89ff89075fadfee038c14258e4689ac01343e38318984a96a9c014f62c84e32e,PF_CVXUSD,mark,219,0
c01_authority:historical_trade_candles_5m:PF_CYBERUSD:206b9d290dc979be9f32f926c8bddb164fdc887f5ded30c28ea813a7bcbfac0a,PF_CYBERUSD,trade,219,0
c01_authority:historical_mark_candles_5m:PF_CYBERUSD:7e280e6cd592608c281d7815bf772c145e087bd29b650f842a1eb6a0026f1298,PF_CYBERUSD,mark,219,0
c01_authority:historical_trade_candles_5m:PF_DASHUSD:c1bdd9dd8c4e3a107b593a42b75c73fe73a5f81bb165dde1668a0fe625bdad53,PF_DASHUSD,trade,219,0
c01_authority:historical_mark_candles_5m:PF_DASHUSD:879b7f73562254adaf12877abe66a57ecd36b355c56d6685b563ea0bae2b1c9a,PF_DASHUSD,mark,219,0
c01_authority:historical_trade_candles_5m:PF_DEEPUSD:93d929680e5b24e647ea962fc5be1bb5ff7908dfc843bf396969c174555275a9,PF_DEEPUSD,trade,219,0
c01_authority:historical_mark_candles_5m:PF_DEEPUSD:4067623267e111189287f40fc6b28fbd97b87ff3494c4a9c73d081f6bba20d22,PF_DEEPUSD,mark,219,0
c01_authority:historical_trade_candles_5m:PF_DEGENUSD:2e57c6b5e49264a493aa523dffbef341924514a278e0d5aa00f1a4bd523d2e73,PF_DEGENUSD,trade,219,0
c01_authority:historical_mark_candles_5m:PF_DEGENUSD:987aa6c9fda2fda99d0346145eefe73666c0f935344c24a5303153fd55402060,PF_DEGENUSD,mark,219,0
c01_authority:historical_trade_candles_5m:PF_DENTUSD:354b0e6fb828a7bf1b521a21c307b30b557618cb0a540c8fc1c6aa30a55f67c9,PF_DENTUSD,trade,219,0
c01_authority:historical_mark_candles_5m:PF_DENTUSD:731a761318a3cbf1119ef274935984e55213c5eb39f4b64cd0ca0ff013633178,PF_DENTUSD,mark,219,0
c01_authority:historical_trade_candles_5m:PF_DEXEUSD:43cbfc65d226936b2cbb1dd573230df5f849e18256dc4a084a4b51d9e20b8ce8,PF_DEXEUSD,trade,219,0
c01_authority:historical_mark_candles_5m:PF_DEXEUSD:92bdc2fe525394150d325e5b7e27df4a2e397aceb292d27a6a68ca0d79d2c97d,PF_DEXEUSD,mark,219,0
c01_authority:historical_trade_candles_5m:PF_DOGEUSD:3c1ccac766617269e58815eff1c8277224ba3123f5ac26622e6fa417d9be6082,PF_DOGEUSD,trade,219,0
c01_authority:historical_mark_candles_5m:PF_DOGEUSD:db3e08006ebc430ed922e63d8327894461918784836c5425e828ea8c5088ea72,PF_DOGEUSD,mark,219,0
c01_authority:historical_trade_candles_5m:PF_DOGSUSD:56d95d923b6b7bd800e14c9544337cc97911bd5796a1b1153a8bc0f215358e09,PF_DOGSUSD,trade,219,0
c01_authority:historical_mark_candles_5m:PF_DOGSUSD:6d190df42c63214458df35dd26f6b7089131cd208b6dc8cbb2bfad11bf6203c5,PF_DOGSUSD,mark,219,0
c01_authority:historical_trade_candles_5m:PF_DOGUSD:ad557dc2fdc04145ad3ef20c58fba03c1771319779340a492b0998650a9a4b75,PF_DOGUSD,trade,219,0
c01_authority:historical_mark_candles_5m:PF_DOGUSD:be0c1d7e311dba9b1ac6b21764285f591ada9d18215f9c4dcca06f24b0c5f0d2,PF_DOGUSD,mark,219,0
c01_authority:historical_trade_candles_5m:PF_DOTUSD:3890ddde6a44b43dc57c6dca89403146dfd434b0b8cb116294ff4811c20a4df1,PF_DOTUSD,trade,219,0
c01_authority:historical_mark_candles_5m:PF_DOTUSD:e340aa645478752136d51dc7b59fa69757d5b109e83f6f00c18a2fea1f86c1dd,PF_DOTUSD,mark,219,0
c01_authority:historical_trade_candles_5m:PF_DYDXUSD:a9b8dbf89e83f4c6a104b23417236595b0e9ffd39c556587eb548cfbbf6e87be,PF_DYDXUSD,trade,219,0
c01_authority:historical_mark_candles_5m:PF_DYDXUSD:32afb8f6a2124425820d3012d637318f3ffefa6ef9beb6cfad685cf6787eb164,PF_DYDXUSD,mark,219,0
c01_authority:historical_trade_candles_5m:PF_DYMUSD:35e5083476a4a8da49634541fb9f49089fd7270817430a680d7ad02519dbea88,PF_DYMUSD,trade,219,0
c01_authority:historical_mark_candles_5m:PF_DYMUSD:1c9540b5dacd63ed17d13aa30f3f983fd73073b6da87b5468255b0c0f66ff429,PF_DYMUSD,mark,219,0
c01_authority:historical_trade_candles_5m:PF_EGLDUSD:8cc8231cda96eb2c771029d812725bd0d02f2e8a0cb15f92733e35e26717bb09,PF_EGLDUSD,trade,219,0
c01_authority:historical_mark_candles_5m:PF_EGLDUSD:15608b1d3e1aaae1b1b855792619230598bcaea6440fbf81efd740bdd244bdf1,PF_EGLDUSD,mark,219,0
c01_authority:historical_trade_candles_5m:PF_EIGENUSD:88c885b2ea38c05b00c36591ec838a0bf7796f485a833b9cf248439257584ae0,PF_EIGENUSD,trade,219,0
c01_authority:historical_mark_candles_5m:PF_EIGENUSD:62ab94179bd7b4db1594ef453996c5d0c2735b52b3c04bfd7bb7e700e92dee5d,PF_EIGENUSD,mark,219,0
c01_authority:historical_trade_candles_5m:PF_ENAUSD:00d7fc19c2e14dc0cbb8e2973b6c6b0d1bbbfca78c007b0acaac715465cab6a8,PF_ENAUSD,trade,219,0
c01_authority:historical_mark_candles_5m:PF_ENAUSD:290b790787d10f2da400617ef0bff2a4d9b8ae6eaa02d05b28a95366c578d48d,PF_ENAUSD,mark,219,0
c01_authority:historical_trade_candles_5m:PF_ENJUSD:d1b73081cc0fe4f7c628ff227c36776fd6034726005a4129656da166e92c53d4,PF_ENJUSD,trade,219,0
c01_authority:historical_mark_candles_5m:PF_ENJUSD:62f2877f25a958e56840f53fa4bb948b94a19bbea2819eb705a242c49216f7a0,PF_ENJUSD,mark,219,0
c01_authority:historical_trade_candles_5m:PF_ENSUSD:279066355c118d121a4e4e30280ed5d43560013a7aa8150f7486c1539f522222,PF_ENSUSD,trade,219,0
c01_authority:historical_mark_candles_5m:PF_ENSUSD:e81ba87d7eea99b9b797003737c202262f784047c53544c31739628a69ffbbd6,PF_ENSUSD,mark,219,0
c01_authority:historical_trade_candles_5m:PF_ETCUSD:4b8bb276d8bcfc4c02539916d9dd3e806a9f57a8f8b49341abadc0a5e7ac3570,PF_ETCUSD,trade,219,0
c01_authority:historical_mark_candles_5m:PF_ETCUSD:ac796d921989c30f470161c88756f8e0c995d35173cd42ad7ca60b8fbc68f5bd,PF_ETCUSD,mark,219,0
c01_authority:historical_trade_candles_5m:PF_ETHFIUSD:17170c65c28f18b96c2eb6e82b8d470400c8e35ab9f5d2d437483e6711647519,PF_ETHFIUSD,trade,219,0
c01_authority:historical_mark_candles_5m:PF_ETHFIUSD:67b58c77c773940fc7e05907a5e2f1a6e56429844b6596ccc1f63661fe844eb4,PF_ETHFIUSD,mark,219,0
c01_authority:historical_trade_candles_5m:PF_ETHWUSD:584d62ddda1276f02dba929b246ae0141611f6a0c992ea2d0ade364328ae4f1c,PF_ETHWUSD,trade,219,0
c01_authority:historical_mark_candles_5m:PF_ETHWUSD:72c4a880b01928a79cf7097c0e9648748b7f230384b830dad1183e42951ae967,PF_ETHWUSD,mark,219,0
c01_authority:historical_trade_candles_5m:PF_FARTCOINUSD:e233229cd9b996f63d03bfbaec70c28c912d69700169946c91795df5dd5fc4d6,PF_FARTCOINUSD,trade,219,0
c01_authority:historical_mark_candles_5m:PF_FARTCOINUSD:4366a601204fd4ab02ec598b0a01965f38d6657326350f0468d77187c025205d,PF_FARTCOINUSD,mark,219,0
c01_authority:historical_trade_candles_5m:PF_FETUSD:a1af96ee6b30bf961a597a646a42387b0bece3ea7d10c6cbfc6814082a85198b,PF_FETUSD,trade,219,0
c01_authority:historical_mark_candles_5m:PF_FETUSD:191beee0a9616c9d0a201bf112597f1372e1def51701dc1c16b62f8dfa04ca7d,PF_FETUSD,mark,219,0
c01_authority:historical_trade_candles_5m:PF_FILUSD:d18fc57548c01a31dccb79edb9a82a701a9c1b2edf9fb8cb3df465cfe0b72b53,PF_FILUSD,trade,219,0
c01_authority:historical_mark_candles_5m:PF_FILUSD:e2cd7815b093aa0dde207749e28e234bcaf8c777244fb0e97b599a81dca817f8,PF_FILUSD,mark,219,0
c01_authority:historical_trade_candles_5m:PF_FLOKIUSD:ba97595e3580ff69826255d77544407a153292e4084c9c75cdcbe2ed6165b3a7,PF_FLOKIUSD,trade,219,0
c01_authority:historical_mark_candles_5m:PF_FLOKIUSD:f649d1d3c00b618838abc64966f6f574613d1a8585e2c5abe5428aec7bd376b6,PF_FLOKIUSD,mark,219,0
c01_authority:historical_trade_candles_5m:PF_FLOWUSD:6630db977bf6c2de0c02f6748e010041c0215593c246f94de91e36c0025592b3,PF_FLOWUSD,trade,219,0
c01_authority:historical_mark_candles_5m:PF_FLOWUSD:c3a1126579f6c7ca3fecd4bb5d5c0af71748ee8b861924923f481da159463537,PF_FLOWUSD,mark,219,0
c01_authority:historical_trade_candles_5m:PF_FLRUSD:2a9809e3695d7416f01246792c34a0c307531b7102f743defc59a958f8b1531c,PF_FLRUSD,trade,219,0
c01_authority:historical_mark_candles_5m:PF_FLRUSD:84c1a9b1e748a1e2ac0a4e8fefc1d064e1739454878890c03b86748e6134b69a,PF_FLRUSD,mark,219,0
c01_authority:historical_trade_candles_5m:PF_FLUXUSD:a8f18bdc215e691798a8775d152072360ef62160d97cb6b4118c5fa5db1b60f5,PF_FLUXUSD,trade,219,0
c01_authority:historical_mark_candles_5m:PF_FLUXUSD:3c1cd4e7c348b4fd38cf1223676c28111d1aaada30883af62b8477e8a24736f2,PF_FLUXUSD,mark,219,0
c01_authority:historical_trade_candles_5m:PF_GALAUSD:071a9f3086a8d27b852df361bb0dc610969e83e2426cb004dafe19fd57918f9b,PF_GALAUSD,trade,219,0
c01_authority:historical_mark_candles_5m:PF_GALAUSD:09f86e27a730f1bb371c98a43a1029f9f745972299086149e22333fee7480748,PF_GALAUSD,mark,219,0
c01_authority:historical_trade_candles_5m:PF_GASUSD:4ae880d6c2f807856c7d93253ee966cf494d7a6dd998559dde376bbd42d5b57c,PF_GASUSD,trade,219,0
c01_authority:historical_mark_candles_5m:PF_GASUSD:1fff3cff703774f37ac9c48b15be8724ecfdd57fd587650ff54a71a9cb99f71a,PF_GASUSD,mark,219,0
c01_authority:historical_trade_candles_5m:PF_GIGAUSD:1d70a1ce20cca5414499d46949d4580770024a1e35d8e0702055668f7d96bc55,PF_GIGAUSD,trade,219,0
c01_authority:historical_mark_candles_5m:PF_GIGAUSD:2a254e7844e096a538d5dee09e38ca1307da6845e6c8be6c2c83d3e3853c5f45,PF_GIGAUSD,mark,219,0
c01_authority:historical_trade_candles_5m:PF_GLDXUSD:aa4dee079ad33c5b0dcc91ce8d11d7dae3f5677bd228499b8efb0a272e331360,PF_GLDXUSD,trade,219,0
c01_authority:historical_mark_candles_5m:PF_GLDXUSD:35cbb020d4fe811db96c63f9dc7f76d78eb3296923315694ebc2e3c9c71cddc8,PF_GLDXUSD,mark,219,0
c01_authority:historical_trade_candles_5m:PF_GMTUSD:8059d7611af5242abd542ebbdf7f3135d672e1116476501077e7a43a6c40c1c0,PF_GMTUSD,trade,219,0
c01_authority:historical_mark_candles_5m:PF_GMTUSD:b64e44b9891455f455ec3073781d08a63108706f2b0c3e0e7b0df832b438b194,PF_GMTUSD,mark,219,0
c01_authority:historical_trade_candles_5m:PF_GMXUSD:b1e8a364b371901c54482ec658d3cab973bba86f9137aaedc1f4b8eeb8911777,PF_GMXUSD,trade,219,0
c01_authority:historical_mark_candles_5m:PF_GMXUSD:d9a8c4f0dd8b74ade2831a5774116eeac5c3d9d28a24caecca28673dbb8fabfb,PF_GMXUSD,mark,219,0
c01_authority:historical_trade_candles_5m:PF_GOATUSD:0a425d50e541e07648003d2e22178aba937c48ad71a36998e8d114eb0ea2d32c,PF_GOATUSD,trade,219,0
c01_authority:historical_mark_candles_5m:PF_GOATUSD:bf037d58930710374c01365e4c0efe3ec205ca6ea5320a275d509a9d2d6256e4,PF_GOATUSD,mark,219,0
c01_authority:historical_trade_candles_5m:PF_GPSUSD:592695d4d91c6ffc78692b7d4000a2babae2acf3fc53ffcaf870c83b7adab3b2,PF_GPSUSD,trade,219,0
c01_authority:historical_mark_candles_5m:PF_GPSUSD:727ba8658969009b484bb321d00c3c2eaf81f24a8d2703f54777102d6fd901ff,PF_GPSUSD,mark,219,0
c01_authority:historical_trade_candles_5m:PF_GRASSUSD:9941d4a2be86612be069507c58d325dab8d321c907e4f75f16d389405c07f94f,PF_GRASSUSD,trade,219,0
c01_authority:historical_mark_candles_5m:PF_GRASSUSD:29a082f534b3e38a3a3e61fc6ffb746a738647d087fcc316a2817d94c7a1dac8,PF_GRASSUSD,mark,219,0
c01_authority:historical_trade_candles_5m:PF_GRIFFAINUSD:b0db081882d626d2130be214f22c8c88d5ae89b916cd743e3fe0ed8287158bb1,PF_GRIFFAINUSD,trade,219,0
c01_authority:historical_mark_candles_5m:PF_GRIFFAINUSD:dc4c94bfb62d8837351097f850199c18e0a90d37cfe86f0a5e66e9608796ca11,PF_GRIFFAINUSD,mark,219,0
c01_authority:historical_trade_candles_5m:PF_GRTUSD:2e1872fa9948b3c5ee844178a3ddacb60fd35a648791eb5423e1099d078765ec,PF_GRTUSD,trade,219,0
c01_authority:historical_mark_candles_5m:PF_GRTUSD:6efaef780424167245a5d86d3d195a37177748d125222c3096eea094ee2dbf6f,PF_GRTUSD,mark,219,0
c01_authority:historical_trade_candles_5m:PF_GTCUSD:3e39751b20c6b5d6660c6db5e4317fc93176c006bd23d60f83f5fc328e687290,PF_GTCUSD,trade,219,0
c01_authority:historical_mark_candles_5m:PF_GTCUSD:4072f62abc81371f77d58a1196dcc63923403ff63814335e338353b61f80e9af,PF_GTCUSD,mark,219,0
c01_authority:historical_trade_candles_5m:PF_HAEDALUSD:9ab957d8b7c60abc672992107d46f85c038acc8d2ea472eac9cd33829d3cd3b6,PF_HAEDALUSD,trade,219,0
c01_authority:historical_mark_candles_5m:PF_HAEDALUSD:12d46335eaab5698a4bbb8df1f31d1e53dee345229e635b6ba041bc1abae5142,PF_HAEDALUSD,mark,219,0
c01_authority:historical_trade_candles_5m:PF_HBARUSD:2e2ec5439631d14e25fe80ba8c81329d47bbfc846a1d8969dac95b0aa7de11b8,PF_HBARUSD,trade,219,0
c01_authority:historical_mark_candles_5m:PF_HBARUSD:34569d93145e8b926ee5d41a6a30b2dbff2cf005fc26df422b99c00265385629,PF_HBARUSD,mark,219,0
c01_authority:historical_trade_candles_5m:PF_HFTUSD:866e39ebf2db83a4642b4bcf99b0dbf66b52f13fa7d239cea0de674e04204af7,PF_HFTUSD,trade,219,0
c01_authority:historical_mark_candles_5m:PF_HFTUSD:79ee0b8cebd939784b473020b2fa3b2dee054e1764b6904e209b6d4d17f725a1,PF_HFTUSD,mark,219,0
c01_authority:historical_trade_candles_5m:PF_HIGHUSD:401e1322936497357189cd928b2cd7c3673824e29228e1b70d834b2c8f7e0401,PF_HIGHUSD,trade,219,0
c01_authority:historical_mark_candles_5m:PF_HIGHUSD:cbdf2cf600000c24ef50990c7300e5bb8850bf595dcf4a4b7b37d00928aae35e,PF_HIGHUSD,mark,219,0
c01_authority:historical_trade_candles_5m:PF_HMSTRUSD:ed98354f700461906dbfdfa57c919a5ffe799b63366eb90d5c9001f82bd58a68,PF_HMSTRUSD,trade,219,0
c01_authority:historical_mark_candles_5m:PF_HMSTRUSD:fee0ca4ea64f1823e347e7205441820a0eb1d8516398fcf58c4431eff7f0876d,PF_HMSTRUSD,mark,219,0
c01_authority:historical_trade_candles_5m:PF_HYPEUSD:3933da5287788caa4f6474ad92d02c9c3e8f3b5779dae8a4c1be7870da6672e3,PF_HYPEUSD,trade,219,0
c01_authority:historical_mark_candles_5m:PF_HYPEUSD:9560fe896211890d3c8db99a9b8cfbbc8d2cf718f19fe7409c5cbfe9dc3eaf09,PF_HYPEUSD,mark,219,0
c01_authority:historical_trade_candles_5m:PF_ICPUSD:447c3f6d15b107675c627abfe7f23f2bb874a011987f22af1b89e649843205d3,PF_ICPUSD,trade,219,0
c01_authority:historical_mark_candles_5m:PF_ICPUSD:402964583060bd2bc099dd9348f09834cc7618914ad9ad7e72c5fa876f15ba54,PF_ICPUSD,mark,219,0
c01_authority:historical_trade_candles_5m:PF_ICXUSD:8332728d9ca6ad68bb83e02f03f1317da6bef7af6e85233cf8cd81832a69fc3b,PF_ICXUSD,trade,219,0
c01_authority:historical_mark_candles_5m:PF_ICXUSD:5b6d1e9da57fc5a1cc241ac819153fb57c44ca43a230c53082ef7e74bd8c657f,PF_ICXUSD,mark,219,0
c01_authority:historical_trade_candles_5m:PF_IDUSD:2dce9eb5d1503730f153e0b0e93583351b7419bc93f88bfbcd7b0a476be27f20,PF_IDUSD,trade,219,0
c01_authority:historical_mark_candles_5m:PF_IDUSD:7e25c6628d182806d1aee81a393e9e4e59815b989ee5f0002839449d9093336c,PF_IDUSD,mark,219,0
c01_authority:historical_trade_candles_5m:PF_IMXUSD:cecc33482c938f26a53403239ebf1299b4e922020e67ba228c8f745049b3ce4f,PF_IMXUSD,trade,219,0
c01_authority:historical_mark_candles_5m:PF_IMXUSD:1810a2dcd899929f9f8caf0147f08aedf6b219e98cddcd243479eaf690c4973b,PF_IMXUSD,mark,219,0
c01_authority:historical_trade_candles_5m:PF_INITUSD:e62044b7b88758e9f1669b177a4cb824afd3d9bc637e3f33380afcc9429ee518,PF_INITUSD,trade,219,0
c01_authority:historical_mark_candles_5m:PF_INITUSD:c04bf5108b628c3c4f51175ea81e185198efe599d85ca1a0a7c2ad4b58e00fae,PF_INITUSD,mark,219,0
c01_authority:historical_trade_candles_5m:PF_INJUSD:e50f613923b1edd172f83cb8caafcb49af5115c16b575ec8ffd2840d4e52df4d,PF_INJUSD,trade,219,0
c01_authority:historical_mark_candles_5m:PF_INJUSD:3bfb79fce0465074dd5bc5459c1ab1dd354b8e698f39eca41a117937280d37aa,PF_INJUSD,mark,219,0
c01_authority:historical_trade_candles_5m:PF_IOSTUSD:b5815e01d798ba8f94f8403f72dac680ab2b23a671650c86f487dcbf888809fc,PF_IOSTUSD,trade,219,0
c01_authority:historical_mark_candles_5m:PF_IOSTUSD:56387b4a7c770ca2bad64061465a4c506a3550aa5c7a9b266cb7a35534832fd9,PF_IOSTUSD,mark,219,0
c01_authority:historical_trade_candles_5m:PF_IOTAUSD:6c7c5ee6d64285f79e8de9c459a5e50b115e72eb088867c0a10514a6efb9ff19,PF_IOTAUSD,trade,219,0
c01_authority:historical_mark_candles_5m:PF_IOTAUSD:246f6299454400171c8f4e3e38331e37561ea494fce18749e68352c98f3c27ea,PF_IOTAUSD,mark,219,0
c01_authority:historical_trade_candles_5m:PF_IOTXUSD:452f2e5e0c579b19e7d8ef249980feb3fec74f8d65922d2592b10a33dc5ba6c7,PF_IOTXUSD,trade,219,0
c01_authority:historical_mark_candles_5m:PF_IOTXUSD:711cede0ecd2fcd17f97ccfd3fe891fa296fedfe6aec04bfd72891f89e58b401,PF_IOTXUSD,mark,219,0
c01_authority:historical_trade_candles_5m:PF_IOUSD:9532de284aef5c03464b81bb1248b2b8eae2547c577ad6d6c71af1e8be494fc8,PF_IOUSD,trade,219,0
c01_authority:historical_mark_candles_5m:PF_IOUSD:b9b76fce0b9af763e3b926098a63b48c033d9b55640d2b80f59426831b8be79d,PF_IOUSD,mark,219,0
c01_authority:historical_trade_candles_5m:PF_IPUSD:7993d823704ebfad4a360af2575502c2dccfe20e009a3226519c09b0230173d0,PF_IPUSD,trade,219,0
c01_authority:historical_mark_candles_5m:PF_IPUSD:359dbf69d05df22807baee0a66efc4372f42ea2b87604a9129ac2b4a525f0766,PF_IPUSD,mark,219,0
c01_authority:historical_trade_candles_5m:PF_JASMYUSD:c385bc572aefe219717de03450e469181cce3199474db1c2d89b2137400d5b2a,PF_JASMYUSD,trade,219,0
c01_authority:historical_mark_candles_5m:PF_JASMYUSD:85cb4b66b2ab84051b88ae2eb4d45065b3ec01e43112d583eb516acadd65d3f2,PF_JASMYUSD,mark,219,0
c01_authority:historical_trade_candles_5m:PF_JTOUSD:dd717646a0f215185cf1903c2bbe527cc564b93da297b17ad7c206e3a6546402,PF_JTOUSD,trade,219,0
c01_authority:historical_mark_candles_5m:PF_JTOUSD:1f432ea0c62cf276948baff1d7d03bb65026e163e6ee0e50cca69e51309445d7,PF_JTOUSD,mark,219,0
c01_authority:historical_trade_candles_5m:PF_JUPUSD:f23ea0b660e17773751e191f25cf8164c371db67a82e5a7ccc285abd0dff3df5,PF_JUPUSD,trade,219,0
c01_authority:historical_mark_candles_5m:PF_JUPUSD:9cda70afcd901172dbd197989f730bf0327e27f30275c8b54fdb50902c4848b0,PF_JUPUSD,mark,219,0
c01_authority:historical_trade_candles_5m:PF_KAIAUSD:d8f3e05ec9c77fd607e14d5078fa061b66f12e2e4a3e821668f3b05a220eb87a,PF_KAIAUSD,trade,219,0
c01_authority:historical_mark_candles_5m:PF_KAIAUSD:43473c097ee63a0b6cd823bbf4789248c23c368b932e0ee79a2cb17d95c0b8cf,PF_KAIAUSD,mark,219,0
c01_authority:historical_trade_candles_5m:PF_KAITOUSD:bbebffba1c86596b64650ce184aa4a23ab5970d05520edfd304cd27907bcc00b,PF_KAITOUSD,trade,219,0
c01_authority:historical_mark_candles_5m:PF_KAITOUSD:072bd31eef436da255e3c587cfc90f6838aeabd296bec2f34c07746de62214c2,PF_KAITOUSD,mark,219,0
c01_authority:historical_trade_candles_5m:PF_KASUSD:78e75feb4182b718d8e39ee0cdf548f48bc1ac9a46decc8ebe175360f243c207,PF_KASUSD,trade,219,0
c01_authority:historical_mark_candles_5m:PF_KASUSD:89605501bcdecb83a8e1ab2612c943ad160396a871d347ae440e4524443b3c9b,PF_KASUSD,mark,219,0
c01_authority:historical_trade_candles_5m:PF_KAVAUSD:f306822379176ba3a90105bbc0b8838b88ae0787a8a1ed80c206f1d776e3eeef,PF_KAVAUSD,trade,219,0
c01_authority:historical_mark_candles_5m:PF_KAVAUSD:9e792866392aea75f2cd3195b8bea92296dc2e8da2ac47293470b8de73a2ed96,PF_KAVAUSD,mark,219,0
c01_authority:historical_trade_candles_5m:PF_KOMAUSD:712e85e47c080a08bcdaeae810c1507d4b5eda9f57d7d8362bf2204074fdba78,PF_KOMAUSD,trade,219,0
c01_authority:historical_mark_candles_5m:PF_KOMAUSD:e746bf98eeccacdcb28013337c1607514269177b24372f0c3a5a1206fba050db,PF_KOMAUSD,mark,219,0
c01_authority:historical_trade_candles_5m:PF_KSMUSD:9ff692073cf645b526e8de402a2dfa64009e4a2a9f48c95669248d1446014e0c,PF_KSMUSD,trade,219,0
c01_authority:historical_mark_candles_5m:PF_KSMUSD:3b554e9e933e4a28281994a2e95ef434a60d12dcd8ca8520937933d884010f58,PF_KSMUSD,mark,219,0
c01_authority:historical_trade_candles_5m:PF_LAYERUSD:8e5cb74ff6e903831fcd2bf3a4f5bdd5f1d17e81b8a2999c8f642a17b0a0fa5d,PF_LAYERUSD,trade,219,0
c01_authority:historical_mark_candles_5m:PF_LAYERUSD:960b64ae1a991ac596aaa77fd8ac353667bb3268ced105dcf750327033c45b12,PF_LAYERUSD,mark,219,0
c01_authority:historical_trade_candles_5m:PF_LCAPUSD:c002a72a7dcb7978c0d7683200028c3aad9db0e4c05873bea91d2e94d833cdfb,PF_LCAPUSD,trade,219,0
c01_authority:historical_mark_candles_5m:PF_LCAPUSD:1e75116423e8c0a7ca9a13b94879622118d321ec64209de6fb23c9b40e678293,PF_LCAPUSD,mark,219,0
c01_authority:historical_trade_candles_5m:PF_LDOUSD:f20b78fe47325117ebbd37f423a0415585507727cc673647c56b12cb946be137,PF_LDOUSD,trade,219,0
c01_authority:historical_mark_candles_5m:PF_LDOUSD:89dd40c0b350700022db8270009bc61c9319d6876dca58ee6aa5cf9d1faace93,PF_LDOUSD,mark,219,0
c01_authority:historical_trade_candles_5m:PF_LINKUSD:e654b8c18813c71230f2fd6eb0cd62e16045a0955ac09f35b98a7aa13feea33e,PF_LINKUSD,trade,219,0
c01_authority:historical_mark_candles_5m:PF_LINKUSD:44cf6897d8143693d5e23943a4bb4296949a3fb2c670ad91595c217a17a6864a,PF_LINKUSD,mark,219,0
c01_authority:historical_trade_candles_5m:PF_LPTUSD:1802dca4c95cdb8c3a219b1bde3e3c025293f2ae8dd3fa9da63f5baddda0c95d,PF_LPTUSD,trade,219,0
c01_authority:historical_mark_candles_5m:PF_LPTUSD:d07d9de9fbf6e52ba90e61278582942aaa3565c3c964703e24d1e2c378c4d271,PF_LPTUSD,mark,219,0
c01_authority:historical_trade_candles_5m:PF_LQTYUSD:9bbfc2355740683d6f32920b3b6a43ee25c381e860fdbcb54d6e78c9241ec1f7,PF_LQTYUSD,trade,219,0
c01_authority:historical_mark_candles_5m:PF_LQTYUSD:c3238a3ad8fa8318b74e26ac2eef647605e8804a66d729c422e5335daa79a82d,PF_LQTYUSD,mark,219,0
c01_authority:historical_trade_candles_5m:PF_LRCUSD:4cb99803d3afd3b7df6231a87cdbaf8af64288f772b90eb497c417812bd53e8d,PF_LRCUSD,trade,219,0
c01_authority:historical_mark_candles_5m:PF_LRCUSD:bca4ae82d40b86decaa86fe418f99b78582b30a86a12749b247877d9990e7842,PF_LRCUSD,mark,219,0
c01_authority:historical_trade_candles_5m:PF_LSKUSD:057c44b74972e1fbffdfacd86bc8af9e7ccddc924e397b3e078486b3c35d364b,PF_LSKUSD,trade,219,0
c01_authority:historical_mark_candles_5m:PF_LSKUSD:840aefd08eeaae6b3ee175f8d99a047bd620d015b01195bd5927c342d6fc0e70,PF_LSKUSD,mark,219,0
c01_authority:historical_trade_candles_5m:PF_LTCUSD:3333e7de8dfe6f54c3ef38d1630232666603aaabb98c687f576bef1c2075e7c8,PF_LTCUSD,trade,219,0
c01_authority:historical_mark_candles_5m:PF_LTCUSD:ff641723f721c1149320b6eaf8621982a1293ebff7eb1f3f0c6c229a64589493,PF_LTCUSD,mark,219,0
c01_authority:historical_trade_candles_5m:PF_LUNA2USD:18693fbd8e69380866547aab9c99638fab5a8587791db07c9aea89e180b55696,PF_LUNA2USD,trade,219,0
c01_authority:historical_mark_candles_5m:PF_LUNA2USD:f3b904471ddee3f1780b07ba4e1b6492f16eeb2534caeb06cfaeffaa487b1c60,PF_LUNA2USD,mark,219,0
c01_authority:historical_trade_candles_5m:PF_MANAUSD:1d0331e7a0558a6af1e3f90e2b0e31d6e1e907f663c382dbb7d58010af99af79,PF_MANAUSD,trade,219,0
c01_authority:historical_mark_candles_5m:PF_MANAUSD:2916c881f2bd0b9d4ccc998ce66dc7924f2e967376aa978142de55f0c774e1dd,PF_MANAUSD,mark,219,0
c01_authority:historical_trade_candles_5m:PF_MELANIAUSD:28571c71f1c30368203588bb81c34590849f41944b45f1d8efdda4f480410c58,PF_MELANIAUSD,trade,219,0
c01_authority:historical_mark_candles_5m:PF_MELANIAUSD:49f88df6c419f1adceb1e61d118395fc05884c938c4622bdb567635e29edfb27,PF_MELANIAUSD,mark,219,0
c01_authority:historical_trade_candles_5m:PF_METISUSD:0b166f27f0f27b28c17bcb452ab2522db701a2cfa3b10e617b13cd2191e8314c,PF_METISUSD,trade,219,0
c01_authority:historical_mark_candles_5m:PF_METISUSD:f16bb080a59b271070662c288b86d62896751843e55bf24a979e541fecb77078,PF_METISUSD,mark,219,0
c01_authority:historical_trade_candles_5m:PF_MEUSD:65d6f103273eab709da36abc859736db24e595e1bdf5a4d0251de96c9491540d,PF_MEUSD,trade,219,0
c01_authority:historical_mark_candles_5m:PF_MEUSD:12881d8acc0a6dd85691f4c7894c1c3a2735c5d386bcd69e40140500059f73af,PF_MEUSD,mark,219,0
c01_authority:historical_trade_candles_5m:PF_MEWUSD:a5c326604b20f21ed87a216e1de0e73427350e1fef2f9aba868b43fcc65f4de7,PF_MEWUSD,trade,219,0
c01_authority:historical_mark_candles_5m:PF_MEWUSD:2498658294134a352d818ccb828e663f6db0a793b20ceef36c374b9399b7df29,PF_MEWUSD,mark,219,0
c01_authority:historical_trade_candles_5m:PF_MINAUSD:dd1c27a9cff90ba6447dc9d6b74f7f3c25de4b1202ed5e4743391b46c864dffe,PF_MINAUSD,trade,219,0
c01_authority:historical_mark_candles_5m:PF_MINAUSD:60f0ff2b48786fa405623fe9379f71129473d803b1cb3ebceeec8f94d0ae2c48,PF_MINAUSD,mark,219,0
c01_authority:historical_trade_candles_5m:PF_MIRAUSD:270c52ee79ad3e75558dd55454def31b9b1e6b4fac52aa3e753997a927f53928,PF_MIRAUSD,trade,219,0
c01_authority:historical_mark_candles_5m:PF_MIRAUSD:6b6ad62104c6d235b9e00c86b71de8fbeed8ec3b4d46ec05d8a656325080f7c0,PF_MIRAUSD,mark,219,0
c01_authority:historical_trade_candles_5m:PF_MNTUSD:2fe53a897a3969cd57be154e4bfdec5d6aa6bdf9e9af77036c5eccbfc6764019,PF_MNTUSD,trade,219,0
c01_authority:historical_mark_candles_5m:PF_MNTUSD:40ab22dd2103d6fcce41ba055bc321cf40cb64c4ba526d9d148cab04ff01e6ec,PF_MNTUSD,mark,219,0
c01_authority:historical_trade_candles_5m:PF_MOGUSD:ba724f883e90963cfc13c4083440e5935ebbf2eea55b690419dbd7145c0417d8,PF_MOGUSD,trade,219,0
c01_authority:historical_mark_candles_5m:PF_MOGUSD:80ce5a4d3d2ac522870b51eb6a61405b84ba485aed4a58c9da9fdc6764a13709,PF_MOGUSD,mark,219,0
c01_authority:historical_trade_candles_5m:PF_MONUSD:a695b550380406906f03af3ada1e46af76e0e2d13334a6dfaf1a74fc7c3aafca,PF_MONUSD,trade,219,0
c01_authority:historical_mark_candles_5m:PF_MONUSD:14988e4e80b6e945c60900b097438ecb4077a7bb27c549fa838f89b9cfa31ad9,PF_MONUSD,mark,219,0
c01_authority:historical_trade_candles_5m:PF_MOODENGUSD:baf555cae7b8ac0224637cbb1d992ea79433754434fb363a215cfff2580f3e39,PF_MOODENGUSD,trade,219,0
c01_authority:historical_mark_candles_5m:PF_MOODENGUSD:c54df54ffeacc01e03cde0264345780fbb055d1b4abf2b56a0ff117b7dc6cdb3,PF_MOODENGUSD,mark,219,0
c01_authority:historical_trade_candles_5m:PF_MORPHOUSD:61880058c304012ac1d5268adbd3f3c20612c28f17d5a92b9dc18a6dc95853c9,PF_MORPHOUSD,trade,219,0
c01_authority:historical_mark_candles_5m:PF_MORPHOUSD:27c773d9f65a05579800fd719d168d90252cd58a0db9254e55838a77bac4c459,PF_MORPHOUSD,mark,219,0
c01_authority:historical_trade_candles_5m:PF_MOVEUSD:b1eab5fbef47833ee64dc54d335aa9aead752c2610589c3293b360df20abdcb9,PF_MOVEUSD,trade,219,0
c01_authority:historical_mark_candles_5m:PF_MOVEUSD:5441fa932c286f50a0fd50bcf359d91c31b4ac81817de6838c86ea61cdbcfcbb,PF_MOVEUSD,mark,219,0
c01_authority:historical_trade_candles_5m:PF_MOVRUSD:34fa7e4fd24927639ba5d79fe93eb91d641df602fcddb0c7e70b767b4c975b20,PF_MOVRUSD,trade,219,0
c01_authority:historical_mark_candles_5m:PF_MOVRUSD:69a128a250ce416ad69c4fdf519a679c75ba98c12b700dcf439dfcb8c2294bed,PF_MOVRUSD,mark,219,0
c01_authority:historical_trade_candles_5m:PF_MTLUSD:3611ac993261cb52c6477bf572b2d2b04d2af0de13eb5396df7bd0b749f03833,PF_MTLUSD,trade,219,0
c01_authority:historical_mark_candles_5m:PF_MTLUSD:66451fe2b93af172fa0125ea4adef42fb98bb782eeec21177989c4648a045dc7,PF_MTLUSD,mark,219,0
c01_authority:historical_trade_candles_5m:PF_MUBARAKUSD:bac11794d33ceb94652869b6c433f49ca7d46460082bdbf2da3df8f13f2faa21,PF_MUBARAKUSD,trade,219,0
c01_authority:historical_mark_candles_5m:PF_MUBARAKUSD:2d1c2cd96993e8adee6eaee634d2d800e40ed759111be11c28447ace42eb3c73,PF_MUBARAKUSD,mark,219,0
c01_authority:historical_trade_candles_5m:PF_NEARUSD:a505bedbcdd87379e7eb8f29aa60383e9703d31a8078287a63635864665dcfe0,PF_NEARUSD,trade,219,0
c01_authority:historical_mark_candles_5m:PF_NEARUSD:7585935ddedfbe8cf533797c177b07dd335f5960b162023f6df766664a76683c,PF_NEARUSD,mark,219,0
c01_authority:historical_trade_candles_5m:PF_NEIROUSD:9ca61b972b02081df91bcbbe7b38f4ce2d957b9e15de6230ebac46c3ea530aa6,PF_NEIROUSD,trade,219,0
c01_authority:historical_mark_candles_5m:PF_NEIROUSD:1211edd9560b513d8aa01e8d7690a9c2d7bec66c917de205188cfc8b48661ce6,PF_NEIROUSD,mark,219,0
c01_authority:historical_trade_candles_5m:PF_NEOUSD:dcdeb42050678981847319c53e4550021cf8660e0a885cc095bb2286b963f981,PF_NEOUSD,trade,219,0
c01_authority:historical_mark_candles_5m:PF_NEOUSD:1f33a53d0278d0f5ec79ad2e023ab538544478eec0ea57ec5ce19ef8a27697d5,PF_NEOUSD,mark,219,0
c01_authority:historical_trade_candles_5m:PF_NIGHTUSD:939e86c86b398b5ec8c08720983c199ea73fecee56d95a1b87c3e2a31a555c35,PF_NIGHTUSD,trade,219,0
c01_authority:historical_mark_candles_5m:PF_NIGHTUSD:98a42b1691c69cfae6ba5eee31515af2e803c6a9a0e77d82b04b6b9530ed1804,PF_NIGHTUSD,mark,219,0
c01_authority:historical_trade_candles_5m:PF_NMRUSD:69d3c70bd152784b8d3bd1029174449fecf89046ceb87a221f0ca6b12f66f1df,PF_NMRUSD,trade,219,0
c01_authority:historical_mark_candles_5m:PF_NMRUSD:36bd887e4d7aa47e06c8d81fae493e9efd9aa9d3a42e6b9418770943b4590fd9,PF_NMRUSD,mark,219,0
c01_authority:historical_trade_candles_5m:PF_NOTUSD:b60aa74338a2d5449d3eadd8386d70eacdec596d6b055d095f7cb0f21ad185fa,PF_NOTUSD,trade,219,0
c01_authority:historical_mark_candles_5m:PF_NOTUSD:1b47851f4462610ff9923c9fec3a1451a6632868a5a058a7df56119e7174aec7,PF_NOTUSD,mark,219,0
c01_authority:historical_trade_candles_5m:PF_OGNUSD:594703dc18e2ae8c5c75d216f80e0d19e742a0939f121d844b46344f6cf7a28d,PF_OGNUSD,trade,219,0
c01_authority:historical_mark_candles_5m:PF_OGNUSD:7168da9d3b7e60200010d1cf87d0107a058d2561325b83fa15f9a87930fcb7a9,PF_OGNUSD,mark,219,0
c01_authority:historical_trade_candles_5m:PF_OMIUSD:36f9f185fa53494dcdf6e6eb614b3de978076746b1743cf124bde9e3d9b782ad,PF_OMIUSD,trade,219,0
c01_authority:historical_mark_candles_5m:PF_OMIUSD:c68b924aafc34f78e4b4423cf62f767a3d22888236b0cf6d716fc07448e80a73,PF_OMIUSD,mark,219,0
c01_authority:historical_trade_candles_5m:PF_ONDOUSD:16d92d01f0375e74d5301ae1eee45c0d9d70a85b637d637cd9a8a9e7d096cc80,PF_ONDOUSD,trade,219,0
c01_authority:historical_mark_candles_5m:PF_ONDOUSD:009e0e264fd81f6706a90cadd28df649c17b118d002944d7a3557304bc8d617e,PF_ONDOUSD,mark,219,0
c01_authority:historical_trade_candles_5m:PF_ONEUSD:ce48499a0279559597e9c8331789d37558d2df68f634b3ccc85172d2ff26cf59,PF_ONEUSD,trade,219,0
c01_authority:historical_mark_candles_5m:PF_ONEUSD:e32eef21c536229beddfadbd88001007e1848ccb25531abd1445a82099012d17,PF_ONEUSD,mark,219,0
c01_authority:historical_trade_candles_5m:PF_ONGUSD:98387083a2444f36463a8636e6376e0133d7cffa17fe0ca86cd9ebd9c7924d29,PF_ONGUSD,trade,219,0
c01_authority:historical_mark_candles_5m:PF_ONGUSD:650c8e8649e4731e00b79ffdd67b25611eabe2df5feb6f48eacb88b82978abd1,PF_ONGUSD,mark,219,0
c01_authority:historical_trade_candles_5m:PF_ONTUSD:e6c09966c4a35af86234f7c716284e18cccebafe899d8d97bf39dbb604c35152,PF_ONTUSD,trade,219,0
c01_authority:historical_mark_candles_5m:PF_ONTUSD:74573c5ace5ba07d9fb563d6c57b8b2a5f85088e67af43d1ee0e4eef073b7977,PF_ONTUSD,mark,219,0
c01_authority:historical_trade_candles_5m:PF_OPENUSD:43d7604588e0bf43dff24df85adc5e1416436f6b539b15aed7ea496d23b964d7,PF_OPENUSD,trade,219,0
c01_authority:historical_mark_candles_5m:PF_OPENUSD:2165b7f25128da55303b1879deab7a5a58b94a8cf518b77c94603a6a5a8a783d,PF_OPENUSD,mark,219,0
c01_authority:historical_trade_candles_5m:PF_OPUSD:f9508281553931924de714c7d6be222a5a70213ad320438db3ca16be12c92e89,PF_OPUSD,trade,219,0
c01_authority:historical_mark_candles_5m:PF_OPUSD:7a8e6666ab6b3177924476f9db46949dfd11d364fc2902dafcf02da49f8f78c2,PF_OPUSD,mark,219,0
c01_authority:historical_trade_candles_5m:PF_ORCAUSD:9a3aedbb756a31c49ac807e23719ce93ef9805e83734e46914f260b30bde3f42,PF_ORCAUSD,trade,219,0
c01_authority:historical_mark_candles_5m:PF_ORCAUSD:41a5e37138fb98de72809207788bfef5dfdb28d359175bf4106292c394edd985,PF_ORCAUSD,mark,219,0
c01_authority:historical_trade_candles_5m:PF_ORDERUSD:d25902889f5e8fe72b18126a21a3a8839cc2daf8beffda9065188fcdc454ddbb,PF_ORDERUSD,trade,219,0
c01_authority:historical_mark_candles_5m:PF_ORDERUSD:fcb1e388d93aba174b1ed55539b8c7e3543c01c7fc35b8a039462e807a1b2b68,PF_ORDERUSD,mark,219,0
c01_authority:historical_trade_candles_5m:PF_ORDIUSD:ade3f813eb1db2f7b5b156657b063d458d13bc73ce0fa6830b7dc8a64b69ef4e,PF_ORDIUSD,trade,219,0
c01_authority:historical_mark_candles_5m:PF_ORDIUSD:3d84cdfa73573114ef9de3c95fbc22e7ff7bca45de1361e9e1f21d140f426d9c,PF_ORDIUSD,mark,219,0
c01_authority:historical_trade_candles_5m:PF_OXTUSD:f4eeb2b42a60dcb7e6b6d851284d81b3e2e3c77fe7dc8ae55e4ff809e21aa850,PF_OXTUSD,trade,219,0
c01_authority:historical_mark_candles_5m:PF_OXTUSD:4ee0dc9e55dbb166bcd995046dfb241609361644b6a84444422844a89bdfa391,PF_OXTUSD,mark,219,0
c01_authority:historical_trade_candles_5m:PF_PAXGUSD:1101a1cfa0233aa0a3135989b8c0e86d33b688a1637212750411bfe46056674a,PF_PAXGUSD,trade,219,0
c01_authority:historical_mark_candles_5m:PF_PAXGUSD:75e2191a9a14268c2d2ba163ff98f914ac22bf02f71a88b2091215cd0db294a3,PF_PAXGUSD,mark,219,0
c01_authority:historical_trade_candles_5m:PF_PENDLEUSD:e284d0869c716b7d3dcef3edf78c779b66dcc4eb9075d98f1a9a486ccde3f7f5,PF_PENDLEUSD,trade,219,0
c01_authority:historical_mark_candles_5m:PF_PENDLEUSD:6c7e95f2de458303a13cab3efb5b353bada76330a646f009fac8c898b7488829,PF_PENDLEUSD,mark,219,0
c01_authority:historical_trade_candles_5m:PF_PENGUUSD:cbe4b3c62993225ced359cb6cae070b0efe5a25a89a2b86eb23cff1a97f35332,PF_PENGUUSD,trade,219,0
c01_authority:historical_mark_candles_5m:PF_PENGUUSD:8a0621cf4d3b6f032c72e8a90f360fe8ed1a58bf50c2c92a61bd52c4a620988f,PF_PENGUUSD,mark,219,0
c01_authority:historical_trade_candles_5m:PF_PEOPLEUSD:656a5ffe32f7d03bbd9bc44e3e47bf5db19f9b6d9053acacf0b1a0ccd6fd77cf,PF_PEOPLEUSD,trade,219,0
c01_authority:historical_mark_candles_5m:PF_PEOPLEUSD:da7feb19e281d6464dbca6e764887ee9b97170d1bb04467686116d11f1cc9dbc,PF_PEOPLEUSD,mark,219,0
c01_authority:historical_trade_candles_5m:PF_PEPEUSD:8a4c3c3b8359c539bc160d73512bfce0d235c6f4e03310f06ea0caeeebd9e5a1,PF_PEPEUSD,trade,219,0
c01_authority:historical_mark_candles_5m:PF_PEPEUSD:b4d8bc40757c2dde4e8badff3bff1299ab443602b4b9a93ee63e5c08e4917532,PF_PEPEUSD,mark,219,0
c01_authority:historical_trade_candles_5m:PF_PIXELUSD:8afee523bd967f5a45c1c4655d19dff31c7316b1089b1c8f0876937977b91357,PF_PIXELUSD,trade,219,0
c01_authority:historical_mark_candles_5m:PF_PIXELUSD:edc663a24b571c2178d1150f360eeda55af2d21e76a0942c494bd47c04780e9b,PF_PIXELUSD,mark,219,0
c01_authority:historical_trade_candles_5m:PF_PNUTUSD:6aac2a525cd8f108a51588761e48f65ac1f0d45be0a5beea7ee4c06e749499ed,PF_PNUTUSD,trade,219,0
c01_authority:historical_mark_candles_5m:PF_PNUTUSD:735ed8899a35a262c34b12aaf1ed820c825b288c3df9a992a71ace14c67a2dfe,PF_PNUTUSD,mark,219,0
c01_authority:historical_trade_candles_5m:PF_POLUSD:cc3ca229409357089874bcda3f6f9f5aa4504c490e041aca63ef67a5c2bd7078,PF_POLUSD,trade,219,0
c01_authority:historical_mark_candles_5m:PF_POLUSD:c9e6993d7f4e3116fa9b3304ca83402ed20395c480dd35d1336dae7aa216a714,PF_POLUSD,mark,219,0
c01_authority:historical_trade_candles_5m:PF_POPCATUSD:beb6cb6c90332cab955339ac3680bee87fb9eea09f6aa3051b626b39720c760c,PF_POPCATUSD,trade,219,0
c01_authority:historical_mark_candles_5m:PF_POPCATUSD:946fd05ea51ed3add03e05ab97f4844c6c9753af3f1f4c35a74cb87a9ce3e628,PF_POPCATUSD,mark,219,0
c01_authority:historical_trade_candles_5m:PF_PORTALUSD:f2e492b7815a3a56548173ee5e4afa8f0122bbb2c004d160cee986e4ff77c017,PF_PORTALUSD,trade,219,0
c01_authority:historical_mark_candles_5m:PF_PORTALUSD:c2fda29547ec603e7b27783382dcf1c52c9758bb159c8f64fb08af208d586b9a,PF_PORTALUSD,mark,219,0
c01_authority:historical_trade_candles_5m:PF_POWRUSD:108ef96c97c6f825958bd563f180d4fd278c1e7a7efb4e5071c05d55d8749b2e,PF_POWRUSD,trade,219,0
c01_authority:historical_mark_candles_5m:PF_POWRUSD:3f63ec5276e4c4cb341da49979ec200133e18ea59f52d597fdc2bdab6ab92175,PF_POWRUSD,mark,219,0
c01_authority:historical_trade_candles_5m:PF_PROMPTUSD:6f51a7fdf57cbdcd817eca5df938231ffe3fc8237d7f5330bff8f27da8a0ef55,PF_PROMPTUSD,trade,219,0
c01_authority:historical_mark_candles_5m:PF_PROMPTUSD:64109390ae615037f7a2fb7e79e6d1abee4bf27618b65bab6ac6b74407cbea56,PF_PROMPTUSD,mark,219,0
c01_authority:historical_trade_candles_5m:PF_PUMPUSD:c80517b851d086384cf37ccadf8560406f123dcffafc11395c93d9080aea8dc9,PF_PUMPUSD,trade,219,0
c01_authority:historical_mark_candles_5m:PF_PUMPUSD:bc25bb2434703092854c64d8d856d74ce5da1bf8f449af932c55482afb55e0a9,PF_PUMPUSD,mark,219,0
c01_authority:historical_trade_candles_5m:PF_PYTHUSD:0a04305305f4daaab488f3b8ef665af09dea340036cc970f942e2ed779aec112,PF_PYTHUSD,trade,219,0
c01_authority:historical_mark_candles_5m:PF_PYTHUSD:296351313986ecc07214a5ba3b9b31cc79abc4c24d713e1019a1175998036574,PF_PYTHUSD,mark,219,0
c01_authority:historical_trade_candles_5m:PF_QNTUSD:8d24e2695d207a2ad8431205b2e0ac5981ded9c3b7205e91a3a1a728b106061a,PF_QNTUSD,trade,219,0
c01_authority:historical_mark_candles_5m:PF_QNTUSD:13143f6c729d1996d0e4ffe85248cadb9fda28e083165d85e82e36ca5dcfa560,PF_QNTUSD,mark,219,0
c01_authority:historical_trade_candles_5m:PF_QQQXUSD:fdcf2ec1cd6ce2dfe93d7a6e8cf1e4e416c27d2218a42c8d97f96c3b5e6e3424,PF_QQQXUSD,trade,219,0
c01_authority:historical_mark_candles_5m:PF_QQQXUSD:9d3d99649eb9454c080827bfbda75d3123ecf3407e3a2522bf353848d3e4a2a9,PF_QQQXUSD,mark,219,0
c01_authority:historical_trade_candles_5m:PF_QTUMUSD:f7c6489b04543e3a3af92274c0191999613cde2ec7dc850d34d350a58a5e3134,PF_QTUMUSD,trade,219,0
c01_authority:historical_mark_candles_5m:PF_QTUMUSD:20a87701bf8c5eb23047708d46939e4579b3addfaef0b90ca5c467d2de04c159,PF_QTUMUSD,mark,219,0
c01_authority:historical_trade_candles_5m:PF_RAREUSD:d276a02412efa08930f10892b19dc9dee620a1ac108d6f7abafedeadefe51f66,PF_RAREUSD,trade,219,0
c01_authority:historical_mark_candles_5m:PF_RAREUSD:efe2681c36cbda04c9dce13824179bd06f5ad6e4495269c53a011266e0f34a6b,PF_RAREUSD,mark,219,0
c01_authority:historical_trade_candles_5m:PF_RAYUSD:5dc7c429dde17179514bb1949f603f1f24a081b99a329b9e49fdcba41c036d7b,PF_RAYUSD,trade,219,0
c01_authority:historical_mark_candles_5m:PF_RAYUSD:dae29b5613bab6e065323a16ca848499fb8bd2b111a2d604bc51e9313e77cd38,PF_RAYUSD,mark,219,0
c01_authority:historical_trade_candles_5m:PF_RENDERUSD:8734c47cd77ed276ee65039d6d0d14ee4b97987e3bdecca23aaf229ab626e13f,PF_RENDERUSD,trade,219,0
c01_authority:historical_mark_candles_5m:PF_RENDERUSD:8345c8f78f9505e5e5212cac53397412d7bc2d6b6e4a03708e042ba5c3411685,PF_RENDERUSD,mark,219,0
c01_authority:historical_trade_candles_5m:PF_REZUSD:08553d7bd6aa30d6e7a8b4d77ebbed4b2f7b58088fcbc0936bb8dd834342623c,PF_REZUSD,trade,219,0
c01_authority:historical_mark_candles_5m:PF_REZUSD:993815845c1ac9dfd6535bf1dbe514616fc3b654cfb1a5900b66eeef7baa7c04,PF_REZUSD,mark,219,0
c01_authority:historical_trade_candles_5m:PF_RIVERUSD:b54ce807b75a6c14373862b2a97b4199ab92aaff5f87ee8b02defd2831534121,PF_RIVERUSD,trade,219,0
c01_authority:historical_mark_candles_5m:PF_RIVERUSD:06aa381cefba36d6dfb607d5a8a94139315da0747fd644eef95be466ffb3dc9e,PF_RIVERUSD,mark,219,0
c01_authority:historical_trade_candles_5m:PF_RLCUSD:9c155066ed7969f1478dab0af19786147829192b753d5b71cf9c03f34d286817,PF_RLCUSD,trade,219,0
c01_authority:historical_mark_candles_5m:PF_RLCUSD:943d52ed20435882d254412d4a902f9d5f75d2fd812b1f2837dde0fa13b6121b,PF_RLCUSD,mark,219,0
c01_authority:historical_trade_candles_5m:PF_ROSEUSD:9d0f3e63215104253bb6f2f202bcd1869b476923109f811ae74ba0a24f2478ee,PF_ROSEUSD,trade,219,0
c01_authority:historical_mark_candles_5m:PF_ROSEUSD:2b6a3e97a21677561fe089eaf79fec38d513ef58efc62888b93a9c9675a2da45,PF_ROSEUSD,mark,219,0
c01_authority:historical_trade_candles_5m:PF_RSRUSD:8ef0cbfa4f1fcac62fd033fd8515f70799dea6f29556abce651025187b2a87c5,PF_RSRUSD,trade,219,0
c01_authority:historical_mark_candles_5m:PF_RSRUSD:4977cabf9025f7bbdbcadca6a0dd0d9c3612475b43eb3fea7af4db4b00eb547d,PF_RSRUSD,mark,219,0
c01_authority:historical_trade_candles_5m:PF_RUNEUSD:107275a8c1a68a53760526af1fc7d19a0866f5ceea314c5fbadf1760b4183dd0,PF_RUNEUSD,trade,219,0
c01_authority:historical_mark_candles_5m:PF_RUNEUSD:c273c6d3df42823ea9132bad95c5b440a45abadd8f7f207281ce030657bc7d69,PF_RUNEUSD,mark,219,0
c01_authority:historical_trade_candles_5m:PF_SAGAUSD:5756ac3299e603017d1979ab549c855fea328d61418c4e26da0cb9e4e1aacaff,PF_SAGAUSD,trade,219,0
c01_authority:historical_mark_candles_5m:PF_SAGAUSD:7202af4eaa7663eb9f3491a5e59a1297ea138fc4fe2577811755b46b59d66588,PF_SAGAUSD,mark,219,0
c01_authority:historical_trade_candles_5m:PF_SANDUSD:ab629bb792ddd094527aaa8fa8022be73fbb238bec6f0bbac66b8a206812e7ae,PF_SANDUSD,trade,219,0
c01_authority:historical_mark_candles_5m:PF_SANDUSD:07aff5bc4a1f8b7dafa14653f7901da5c0b2ac5a778989ab7479406022faf899,PF_SANDUSD,mark,219,0
c01_authority:historical_trade_candles_5m:PF_SEIUSD:05d2e32dbe1bbcda262f833addc013032a1db6eb2840a42c61311bfbe7ba3a73,PF_SEIUSD,trade,219,0
c01_authority:historical_mark_candles_5m:PF_SEIUSD:8e26d742311d65a7a144b527635842c663466ceea463989c16022b5d540bff18,PF_SEIUSD,mark,219,0
c01_authority:historical_trade_candles_5m:PF_SHELLUSD:653396021036cc3cbb85dbdef4e2fad8f743b818e7c5c9c78c69265d1771e9a3,PF_SHELLUSD,trade,219,0
c01_authority:historical_mark_candles_5m:PF_SHELLUSD:7264de768429c35be672c584de13927925ccf8d16dac4a87dc8de71b644af809,PF_SHELLUSD,mark,219,0
c01_authority:historical_trade_candles_5m:PF_SHIBUSD:c7021e2e1230f00935cd6a36177c52a77f2ab2a91895ad47e7009f0b3d10cdbc,PF_SHIBUSD,trade,219,0
c01_authority:historical_mark_candles_5m:PF_SHIBUSD:aef42627d7da9633d2babc4cf7b9bbfcc71c274cd488fefd46fe43a1e35846c8,PF_SHIBUSD,mark,219,0
c01_authority:historical_trade_candles_5m:PF_SKLUSD:02ad7fecda9b447e4a6371d4f0681225a2221db54a09dc2902e4ae1410baf9fb,PF_SKLUSD,trade,219,0
c01_authority:historical_mark_candles_5m:PF_SKLUSD:878ffcd504713cba6fa5ace6e82e4d5c0ec3b0398171a957954cabfbda65e72c,PF_SKLUSD,mark,219,0
c01_authority:historical_trade_candles_5m:PF_SNXUSD:b862996caa6f87646b668ec66c1b50a9eb0eea8a5a73c70b6af2a99aa4d44762,PF_SNXUSD,trade,219,0
c01_authority:historical_mark_candles_5m:PF_SNXUSD:076a9d2c22c9feb0e8ce4fb4238dc56637c35b7fd70aeecae1b5570648d9081d,PF_SNXUSD,mark,219,0
c01_authority:historical_trade_candles_5m:PF_SOLUSD:d83c4dccdb494601ad34a22f9764ce73fed44aa9067e2b0eb1eb6520ba06e6c4,PF_SOLUSD,trade,219,0
c01_authority:historical_mark_candles_5m:PF_SOLUSD:9c4c3f54aaca03202bd1b0a47dc3171665f3d2c0efe0ca721c10a92e776cf17b,PF_SOLUSD,mark,219,0
c01_authority:historical_trade_candles_5m:PF_SOLVUSD:c7f00ba4617f1877767547aa98ee6e16b56df3cd4239a36e9cd61347b532239d,PF_SOLVUSD,trade,219,0
c01_authority:historical_mark_candles_5m:PF_SOLVUSD:ec5b769a0a84cf968b71256f81267c2f720a397a73b02ce54ad5b4676a957c64,PF_SOLVUSD,mark,219,0
c01_authority:historical_trade_candles_5m:PF_SONICUSD:0f7ea98c436e6d19b49678699f41178ee3190594241a6046083c430ab3a85d98,PF_SONICUSD,trade,219,0
c01_authority:historical_mark_candles_5m:PF_SONICUSD:bcb461f6d8fa4728ce71df923613781e00c304922a13046522156f2792e695a6,PF_SONICUSD,mark,219,0
c01_authority:historical_trade_candles_5m:PF_SOONUSD:5dc36a92d2b451150bd01ba3db6aedf079f86ca4514b56a13731059c66183be0,PF_SOONUSD,trade,219,0
c01_authority:historical_mark_candles_5m:PF_SOONUSD:726d6728c406c23ae1aa6ae9ce35ef6a11baa674bfba883ade96b139da98d558,PF_SOONUSD,mark,219,0
c01_authority:historical_trade_candles_5m:PF_SPELLUSD:6e1e9a50c207afc5b833397edabdf2721d2811217f438c5807f020d0dafd67d2,PF_SPELLUSD,trade,219,0
c01_authority:historical_mark_candles_5m:PF_SPELLUSD:3b2a4ad544fe6874f157b120fd242b2769c9925bc3fd1ed3d683cb9b519125b2,PF_SPELLUSD,mark,219,0
c01_authority:historical_trade_candles_5m:PF_SPKUSD:4c3e1e58e6a70e9b88379641662a257c9c9b64fa816064dca7e58f51ff782a1d,PF_SPKUSD,trade,219,0
c01_authority:historical_mark_candles_5m:PF_SPKUSD:53c6976a794676bcba397a2c2b10c6e4051edc4a3680943a23bd77b802717de3,PF_SPKUSD,mark,219,0
c01_authority:historical_trade_candles_5m:PF_SPXUSD:362cff2e9f527570e9f18650a2c4f064790aa0ed70b88acd4bd00a0de9c1b4b2,PF_SPXUSD,trade,219,0
c01_authority:historical_mark_candles_5m:PF_SPXUSD:72fda3ad54c66d94cf05f7610341a30ad03d13659c0c44c30ed495a010a8182b,PF_SPXUSD,mark,219,0
c01_authority:historical_trade_candles_5m:PF_SPYXUSD:d3f752b2f7ba50e5e7d41991dd02e4e11a9f706cfe4cbbd51fcd0fec44f12959,PF_SPYXUSD,trade,219,0
c01_authority:historical_mark_candles_5m:PF_SPYXUSD:91687d20e3f98e08c1e2c0bfdf0fda3c2ca1d0f7e61897f84570be5527ee973d,PF_SPYXUSD,mark,219,0
c01_authority:historical_trade_candles_5m:PF_SSVUSD:af068aafb098dba6d19f9518d510730e5632139491ed4320ac2c792f92e251ab,PF_SSVUSD,trade,219,0
c01_authority:historical_mark_candles_5m:PF_SSVUSD:79ef103b0f5e34ba14b6f3969e56e42a627ed55fc5bae3415bd514ebef7d3986,PF_SSVUSD,mark,219,0
c01_authority:historical_trade_candles_5m:PF_STBLUSD:b1b17c3c5c5191754bbec20bc211ee6f4843d831b1ff00d4948df6fd426251a3,PF_STBLUSD,trade,219,0
c01_authority:historical_mark_candles_5m:PF_STBLUSD:16936027cfd298145bafe6b05b067254076660d867307b2e7ec9e45036e2d3bd,PF_STBLUSD,mark,219,0
c01_authority:historical_trade_candles_5m:PF_STEEMUSD:a8fee34ff7a258b41b2a8f86dc96de4298f7fc24cb29dd1f94f549015c788513,PF_STEEMUSD,trade,219,0
c01_authority:historical_mark_candles_5m:PF_STEEMUSD:baf727bad7a892fa9587ddc9144cc2ecb053a0ec0f1af6eb2fa400ce5d3a037e,PF_STEEMUSD,mark,219,0
c01_authority:historical_trade_candles_5m:PF_STGUSD:5cb12044f9c75dd8b6ab445f0ee9c097e883183390053552ef3df0926820896f,PF_STGUSD,trade,219,0
c01_authority:historical_mark_candles_5m:PF_STGUSD:b7b6b8e64fd61f03db294c914241fd059f6112d93b8d8cfac2ae81876e3e7814,PF_STGUSD,mark,219,0
c01_authority:historical_trade_candles_5m:PF_STORJUSD:8441e9f4fd54fc1ab831a9805a852846a332de00a916cd1a407022dbd587c0db,PF_STORJUSD,trade,219,0
c01_authority:historical_mark_candles_5m:PF_STORJUSD:a41d4efa1aa45e512fb4751448c1bd7d7115aca5123974f8ec732b13efc12397,PF_STORJUSD,mark,219,0
c01_authority:historical_trade_candles_5m:PF_STRKUSD:714c87bb002c92125f85ce36ed6efe275fd0b95b30b60c3e18efbece6e95e46f,PF_STRKUSD,trade,219,0
c01_authority:historical_mark_candles_5m:PF_STRKUSD:cf05e3285ebf77324be5d2f52e23bf9f2a7881479b88f9b49b88e96cc3827cbb,PF_STRKUSD,mark,219,0
c01_authority:historical_trade_candles_5m:PF_STXUSD:ed5887a19e1bf60417850f32fd5346dc3af31741e4ed2f5b9afe1299466c1305,PF_STXUSD,trade,219,0
c01_authority:historical_mark_candles_5m:PF_STXUSD:38f03be32995a0be871df96bbd8d0b543a9ad68de12454c3e43cff06082ce0a7,PF_STXUSD,mark,219,0
c01_authority:historical_trade_candles_5m:PF_SUIUSD:6f6e26c8ea42a5b31b719acb3e6b25e903be34ad2f76ee4aebfa65293ab9077a,PF_SUIUSD,trade,219,0
c01_authority:historical_mark_candles_5m:PF_SUIUSD:b1a9d4e98f7cd92f16c77a9c94a579366d781d926b8b0d943de8b1374286f953,PF_SUIUSD,mark,219,0
c01_authority:historical_trade_candles_5m:PF_SUNUSD:19ef88cbe6d68ad8ae8df3f1df34f8ae8246db86256881a7ca81a9bdbacd1d87,PF_SUNUSD,trade,219,0
c01_authority:historical_mark_candles_5m:PF_SUNUSD:c44cc17ddaf29478d20829403266ef8a93c85b1bba86113f12a26e2892b8f53f,PF_SUNUSD,mark,219,0
c01_authority:historical_trade_candles_5m:PF_SUPERUSD:ed214a9282439202a74daece9f6d681424cb88a7d50da7b0e1376522957f174d,PF_SUPERUSD,trade,219,0
c01_authority:historical_mark_candles_5m:PF_SUPERUSD:85d9121710bd860376849d2dc4f3585e1ce3fc2423028ed78036585419f84d2f,PF_SUPERUSD,mark,219,0
c01_authority:historical_trade_candles_5m:PF_SUSD:ca5e7fb9770d7371069850c068b25b8da957275a29a691ac0a7cfddac56b2318,PF_SUSD,trade,219,0
c01_authority:historical_mark_candles_5m:PF_SUSD:5626ff69ca4a9a3d9e471e750f7c5f84662ec0147fa98c04b2edf160645c8b96,PF_SUSD,mark,219,0
c01_authority:historical_trade_candles_5m:PF_SUSHIUSD:742151983fdbd24c130c3cc19c00b41e179a42b280fd4b8e599f728e9a9f70c0,PF_SUSHIUSD,trade,219,0
c01_authority:historical_mark_candles_5m:PF_SUSHIUSD:a26949fbcc7c8c53c0b50e6953f2d9b11e7fef39e9f094dd55d4ec66175d09c2,PF_SUSHIUSD,mark,219,0
c01_authority:historical_trade_candles_5m:PF_SWARMSUSD:1a48669b9b6709d24fc4a35ea07e95c2b5f96838451aadcba4aae5ee8b87f281,PF_SWARMSUSD,trade,219,0
c01_authority:historical_mark_candles_5m:PF_SWARMSUSD:acc8e8067d6aa2793e6d66f0a2d48829b637827e0f5a676ff41b111fd5897711,PF_SWARMSUSD,mark,219,0
c01_authority:historical_trade_candles_5m:PF_SXTUSD:bdce0f3a4ee89e6b868fbe059a897d256b36356d3dddca0ca0e1a6772b4d13c8,PF_SXTUSD,trade,219,0
c01_authority:historical_mark_candles_5m:PF_SXTUSD:a354b3ca8eead02f5dc8f90528350f883841ba0725f44bf103642849612b0095,PF_SXTUSD,mark,219,0
c01_authority:historical_trade_candles_5m:PF_SYNUSD:ab24d0a6ca3be77319b62e0dcfc418017ec9c03573408112419c8bcf007bb610,PF_SYNUSD,trade,219,0
c01_authority:historical_mark_candles_5m:PF_SYNUSD:595cc2777b92e1a1bdf80689f534f6666709748d77fd844b9e69b1c1232f6f97,PF_SYNUSD,mark,219,0
c01_authority:historical_trade_candles_5m:PF_SYRUPUSD:e66be24c2708648cb336387538aca0ecd1db52d8be2e1aa2b87efafb7277710e,PF_SYRUPUSD,trade,219,0
c01_authority:historical_mark_candles_5m:PF_SYRUPUSD:2afc8fb39a58348fef4e50bdf07caaa6adc675c0986bc13b411bb888e1eea959,PF_SYRUPUSD,mark,219,0
c01_authority:historical_trade_candles_5m:PF_TAOUSD:8ddee1cd74538640673fdf9a70d86a048a5ad8c70df2992625c388529ab07e57,PF_TAOUSD,trade,219,0
c01_authority:historical_mark_candles_5m:PF_TAOUSD:5c235dcb0741156faf22b11466d699b29aeaebc34feda3d23e6e83663775ef74,PF_TAOUSD,mark,219,0
c01_authority:historical_trade_candles_5m:PF_THETAUSD:448eebd7a38b4182aa90215ccdb96096f10f46d8d5dbdb2325941b321fc74468,PF_THETAUSD,trade,219,0
c01_authority:historical_mark_candles_5m:PF_THETAUSD:229e9e3b648d5e44e39aea8ac6bdab76eae139b23181f9c8da7bc14a51d6cadc,PF_THETAUSD,mark,219,0
c01_authority:historical_trade_candles_5m:PF_TIAUSD:cec28d4a55a67508360f7d445cad4724d03d439d776cc00e8ef0c375cfbaccbb,PF_TIAUSD,trade,219,0
c01_authority:historical_mark_candles_5m:PF_TIAUSD:6ec9a173cf01a9db4a0181eb1775fc081b048b92e040d6e9be0945b796ae875c,PF_TIAUSD,mark,219,0
c01_authority:historical_trade_candles_5m:PF_TLMUSD:34dcb3f67c33b98a37d2f10cde29e14ac7f8c57feefec0d628f903abdecd0b5c,PF_TLMUSD,trade,219,0
c01_authority:historical_mark_candles_5m:PF_TLMUSD:3598e30ae89e93da2fea27ef7247aa6a7bd9efc55ff2f59cedc986ca1c5a75ba,PF_TLMUSD,mark,219,0
c01_authority:historical_trade_candles_5m:PF_TNSRUSD:252a0e99bf0f9ba98a45f01240b6081fe7158d88f7aa9a3bcb0f35aaffaf0dd9,PF_TNSRUSD,trade,219,0
c01_authority:historical_mark_candles_5m:PF_TNSRUSD:335e2f469f895791efcb99820eca598655e8fd0efafcb9a2fcc3097a505ed32b,PF_TNSRUSD,mark,219,0
c01_authority:historical_trade_candles_5m:PF_TRBUSD:af721acc915b81296f3768c9cb2d43625070da1d37f29f58bcda4b6936049f09,PF_TRBUSD,trade,219,0
c01_authority:historical_mark_candles_5m:PF_TRBUSD:f84cbf376d083b4760278b06dcbc7b1352efe255221dd37d4b5b10526c0afade,PF_TRBUSD,mark,219,0
c01_authority:historical_trade_candles_5m:PF_TRUMPUSD:c2ac6847b5a049d83132f46101b297210475b6004ee10035113fd82f4f2c42fa,PF_TRUMPUSD,trade,219,0
c01_authority:historical_mark_candles_5m:PF_TRUMPUSD:0f6d69e5e87e93ff794637c5ed1aa74689849bd13479d12e762bbb4894b7d55c,PF_TRUMPUSD,mark,219,0
c01_authority:historical_trade_candles_5m:PF_TRUUSD:fe3db9cc837b0e9a94b39316c534c4054c4ebff4380ea63ca6be6650796a1d74,PF_TRUUSD,trade,219,0
c01_authority:historical_mark_candles_5m:PF_TRUUSD:7f20e28854ee0cfa0aeb48f7471267a110b94c451e4e948a2a5cd43f8bc7b194,PF_TRUUSD,mark,219,0
c01_authority:historical_trade_candles_5m:PF_TRXUSD:3d45e75e1d569e9d2f1ed5296132ab1eff12e22420b9acebcd826e03352f82f5,PF_TRXUSD,trade,219,0
c01_authority:historical_mark_candles_5m:PF_TRXUSD:e07802cefa6d38e16d62d239591c3af20719459418600e2d166ff8f433cd3e35,PF_TRXUSD,mark,219,0
c01_authority:historical_trade_candles_5m:PF_TURBOUSD:fb95ab5ae8c126196f674eca36fe5442ab4fc0d6f4d9884788ad6aa12035ca38,PF_TURBOUSD,trade,219,0
c01_authority:historical_mark_candles_5m:PF_TURBOUSD:74fdbeb2c9ce7f576694f6922c1ec5b91b95b58e25b21b22857429dfbb578e14,PF_TURBOUSD,mark,219,0
c01_authority:historical_trade_candles_5m:PF_TUSD:3b07290d748ec8aec6839e671783d9198eb37f80adba8fec4257e6790bd7e095,PF_TUSD,trade,219,0
c01_authority:historical_mark_candles_5m:PF_TUSD:b9b28debe090efb3d82e4e2aee6c9b8a9ae4b322ade34eaa5521edd8fce1ba72,PF_TUSD,mark,219,0
c01_authority:historical_trade_candles_5m:PF_UMAUSD:7ff9716b12f07b64f2ab17b9b37e4f0434ceae752ab22b6a37143dbd22c67897,PF_UMAUSD,trade,219,0
c01_authority:historical_mark_candles_5m:PF_UMAUSD:b98efe3dba91ef435d50b08e8ab423dd08b73f1ab23bd917a5c8fbcc885e9101,PF_UMAUSD,mark,219,0
c01_authority:historical_trade_candles_5m:PF_UNIUSD:ebdf19fcb534776007a57b4945ba591149cd0fef236c56355e3f7025a77bc9ac,PF_UNIUSD,trade,219,0
c01_authority:historical_mark_candles_5m:PF_UNIUSD:ab3bb941cd7abd32e46d4a0074ddaa200fd85b4956368ee7f128560812a2a56e,PF_UNIUSD,mark,219,0
c01_authority:historical_trade_candles_5m:PF_USDCUSD:17176e60cb28b52bfe8c806a17120e2932153c2d55c34335d7b9fb006d6ead18,PF_USDCUSD,trade,219,0
c01_authority:historical_mark_candles_5m:PF_USDCUSD:6f3fe2fcf83465985c6f9e786634b31e7801452fc21a89c9e67d86e4c39b1300,PF_USDCUSD,mark,219,0
c01_authority:historical_trade_candles_5m:PF_USDTUSD:84a419ad0641b7db70fb953e80ad1bc2fc5b593b955f39ffe8685363fdbe2db2,PF_USDTUSD,trade,219,0
c01_authority:historical_mark_candles_5m:PF_USDTUSD:267d92d8181b1def1c4705d5cc2236be481462aaa0e779812a03671900a3b8ae,PF_USDTUSD,mark,219,0
c01_authority:historical_trade_candles_5m:PF_USUALUSD:baa00010c380fb7aec14967054d5de9d6e3273d10dd24bd7b499828619d0675d,PF_USUALUSD,trade,219,0
c01_authority:historical_mark_candles_5m:PF_USUALUSD:e6141dc1440e7170c62ea0aa3754a41baa9961a45f5b6c1243f114cc92ad8d12,PF_USUALUSD,mark,219,0
c01_authority:historical_trade_candles_5m:PF_VELOUSD:f98b3383dc45e3252cfd708b9d44e08f3fdd498902b06680b4138cf4348818d6,PF_VELOUSD,trade,219,0
c01_authority:historical_mark_candles_5m:PF_VELOUSD:c5e6730670d15b4b5bb960f795edae82b203c01d24f2dcbe472ab9c87e704ca8,PF_VELOUSD,mark,219,0
c01_authority:historical_trade_candles_5m:PF_VETUSD:54bccefaefe467223e337338035c03551d27693c73a9e2793000c501c702348f,PF_VETUSD,trade,219,0
c01_authority:historical_mark_candles_5m:PF_VETUSD:3f726e11e8eeb077776f392ab063f17c40425ec33dd152c0c6b26a3198192337,PF_VETUSD,mark,219,0
c01_authority:historical_trade_candles_5m:PF_VINEUSD:8196da60c139def19e8e5fb2e1e896276b6a759dc09c24bc80db65f9c01e4b4d,PF_VINEUSD,trade,219,0
c01_authority:historical_mark_candles_5m:PF_VINEUSD:f63cafc693e18b677b3ac150817ea198a49f3854f3b4e9dfab139f2b62b6361e,PF_VINEUSD,mark,219,0
c01_authority:historical_trade_candles_5m:PF_VIRTUALUSD:f4fd702a3d0449719186d3176cab3bacabb074e5f5ba1cf67df30059dbba320f,PF_VIRTUALUSD,trade,219,0
c01_authority:historical_mark_candles_5m:PF_VIRTUALUSD:1b50a1dd9fc9795a54208728a97c562ec293ee6ceb233974246b84a868472e1c,PF_VIRTUALUSD,mark,219,0
c01_authority:historical_trade_candles_5m:PF_WIFUSD:97dbe7f6808f19d9da2ab45a9ca2967b48503882b7aa2d5c3c2d472de1d46f28,PF_WIFUSD,trade,219,0
c01_authority:historical_mark_candles_5m:PF_WIFUSD:809703819eb09a4d6870c25c1594a7c7b42fbbc13820660130a4e15ac33880cf,PF_WIFUSD,mark,219,0
c01_authority:historical_trade_candles_5m:PF_WLDUSD:a4d8cd4a401fb04cb1a0123816b9b1bb2da5046ebba91c6b38c0af502488902a,PF_WLDUSD,trade,219,0
c01_authority:historical_mark_candles_5m:PF_WLDUSD:b57bb1fafe27ab20288df947e1bfd1349165db5a58308b83a88b12e5c136eb15,PF_WLDUSD,mark,219,0
c01_authority:historical_trade_candles_5m:PF_WLFIUSD:5920bcade2e5f48fa4c53e55d68a9fce450a113f60a05e737cce5e43d715cda7,PF_WLFIUSD,trade,219,0
c01_authority:historical_mark_candles_5m:PF_WLFIUSD:6876e5c7c129d13c6552992abf5db183e2173ce3ec6d2fcd60ed61db6df29023,PF_WLFIUSD,mark,219,0
c01_authority:historical_trade_candles_5m:PF_WOOUSD:cf1c0de78a72af44eaf57d2181884751cabe1f9bbdf95ca3baf2ae3ad5b8f1cf,PF_WOOUSD,trade,219,0
c01_authority:historical_mark_candles_5m:PF_WOOUSD:5e3d3d595ff9cc435c833b719ff660912ce9f1f1bcbd9959ee0f5c17572350d5,PF_WOOUSD,mark,219,0
c01_authority:historical_trade_candles_5m:PF_WUSD:de9da6e6b0589a7f00d72b2be8e5b9ef874bd95761adea93433338072a6be3c3,PF_WUSD,trade,219,0
c01_authority:historical_mark_candles_5m:PF_WUSD:f642f3cd76a4b85e408152ad6f7d6685c02eeb84c212c6a788e743f3a8cda045,PF_WUSD,mark,219,0
c01_authority:historical_trade_candles_5m:PF_XAUTUSD:fca12edc830d8ac9de5bc67cd0a274673edaf0efe70144ef3dec3d4b2003a28e,PF_XAUTUSD,trade,219,0
c01_authority:historical_mark_candles_5m:PF_XAUTUSD:404e5fed633c727e8d1dbc98a2b46b7e0333021907977bd5b3fe1211175a76fc,PF_XAUTUSD,mark,219,0
c01_authority:historical_trade_candles_5m:PF_XCNUSD:22b287b38941b37ac76a2e49c4aafd9152c03faec72a8fc12c0247433e5f776c,PF_XCNUSD,trade,219,0
c01_authority:historical_mark_candles_5m:PF_XCNUSD:755430d23e16cf74a110a89087a8367ec89f78f047e19d50a33a281d5013dcb5,PF_XCNUSD,mark,219,0
c01_authority:historical_trade_candles_5m:PF_XLMUSD:ea70f07a02004ffd52f70e9f3f9e928bb335a2be1c8810b508b9698a9e072b79,PF_XLMUSD,trade,219,0
c01_authority:historical_mark_candles_5m:PF_XLMUSD:d70cc5c81acb46cd5c9f62203e9479d94f4bd1dbf085ef316359147aeaa993e8,PF_XLMUSD,mark,219,0
c01_authority:historical_trade_candles_5m:PF_XMRUSD:9a35d329ab227a8f9e2be66b2b9ee1c1043d757d6a15313eab275a38528bd824,PF_XMRUSD,trade,219,0
c01_authority:historical_mark_candles_5m:PF_XMRUSD:182829b7f4d937c519da99edbea93a8b507e167733aed48705be1fb9345e4757,PF_XMRUSD,mark,219,0
c01_authority:historical_trade_candles_5m:PF_XPLUSD:3c0045c05756f8f7638a1c7747a7fe7967b098a635347ac222780aa407bff8b0,PF_XPLUSD,trade,219,0
c01_authority:historical_mark_candles_5m:PF_XPLUSD:ca7a7a71e4c0dd4cb33b60f71ca8436d1bda6bc889d490390f5664321725fcc6,PF_XPLUSD,mark,219,0
c01_authority:historical_trade_candles_5m:PF_XRPUSD:f2414de617717dc351fbde6b8926b7f08143bd4644dca69caa2c414ab25d1bf4,PF_XRPUSD,trade,219,0
c01_authority:historical_mark_candles_5m:PF_XRPUSD:469e090441a430dc46b80e82bfad3bf77237263cb1aecb40457d0930c9762a81,PF_XRPUSD,mark,219,0
c01_authority:historical_trade_candles_5m:PF_XTZUSD:98b30b6fe59ff364ef09965debf56eb2c03bc90f6c98d2922b78cdad2f4de00f,PF_XTZUSD,trade,219,0
c01_authority:historical_mark_candles_5m:PF_XTZUSD:84c9e4ca10c34943ec6bf0bcf59dbf223fd10d53b01eb8cc661720bed6cbd100,PF_XTZUSD,mark,219,0
c01_authority:historical_trade_candles_5m:PF_XVSUSD:1820297dbc141db8b4d4157c77757efd52e49f34dfae6124da7cde7b16a03f1e,PF_XVSUSD,trade,219,0
c01_authority:historical_mark_candles_5m:PF_XVSUSD:0efe293c596dd2807f2a48b43629100ceb2c052f36ebf263b8835b1b10449009,PF_XVSUSD,mark,219,0
c01_authority:historical_trade_candles_5m:PF_YFIUSD:80ad5e84d7352f79b2f0dfa7e09ea29621953cf1162a0f7f586f8fb442fea9ab,PF_YFIUSD,trade,219,0
c01_authority:historical_mark_candles_5m:PF_YFIUSD:c981511f4dee3b999656de89829770e628ea8a9d1ac19b6a814919b817a2d150,PF_YFIUSD,mark,219,0
c01_authority:historical_trade_candles_5m:PF_YGGUSD:4659f35b1baf4c002a2454b5cd0cc29ebbc5ab39e7572f3240e732e1b319f7a6,PF_YGGUSD,trade,219,0
c01_authority:historical_mark_candles_5m:PF_YGGUSD:bbde5f85beffe06cbfd9adaa9c893622abaea374cd7f4b0d4f024fcc53d1acd4,PF_YGGUSD,mark,219,0
c01_authority:historical_trade_candles_5m:PF_ZBTUSD:ac33a2a64ed1a21a8a69c43c6677252579feca14278a82f95e57361e9649e2c1,PF_ZBTUSD,trade,219,0
c01_authority:historical_mark_candles_5m:PF_ZBTUSD:0499bcfa4ad85e3ab251c90afc61ba31e08c10291ad54a0f3d666d7330dfa21e,PF_ZBTUSD,mark,219,0
c01_authority:historical_trade_candles_5m:PF_ZECUSD:d8c064d7cd27c77a56813bb550c8dd3ce38731fd2d617df2716bc6161fe44477,PF_ZECUSD,trade,219,0
c01_authority:historical_mark_candles_5m:PF_ZECUSD:bb7b7b6134eabab4dda47411d3f450bfbac68480d852972f6f3f2b7a54bf0149,PF_ZECUSD,mark,219,0
c01_authority:historical_trade_candles_5m:PF_ZENUSD:7b48e72246f56fb876acba224cd247dc40446b43cdd68443441d4562d977399f,PF_ZENUSD,trade,219,0
c01_authority:historical_mark_candles_5m:PF_ZENUSD:4d6cba62dac7892fb62a184ec5054cc690ca00e4c35d558cf697390eec589ad5,PF_ZENUSD,mark,219,0
c01_authority:historical_trade_candles_5m:PF_ZEREBROUSD:60ee7271676ce1d9615d1e0b2dc1d45897fd18b65a0e3636a8278f8787aa0f8a,PF_ZEREBROUSD,trade,219,0
c01_authority:historical_mark_candles_5m:PF_ZEREBROUSD:fc586fd5574bbe9795ba78097ea70b89c06776534930565ee9419d54ed2cc8af,PF_ZEREBROUSD,mark,219,0
c01_authority:historical_trade_candles_5m:PF_ZETAUSD:b22ee0183bf303e664e911b3b7db1e796cb6f76eb82b28eb09a9a47caeed98c7,PF_ZETAUSD,trade,219,0
c01_authority:historical_mark_candles_5m:PF_ZETAUSD:3f757ee758df0735b121797b3c42098ea48a5dcd709ba828adb09c105dffe785,PF_ZETAUSD,mark,219,0
c01_authority:historical_trade_candles_5m:PF_ZILUSD:b9745ef0d5f500433ea7d1b7b9c82d4bc79bbc08689567a4ff28b245e7a7195e,PF_ZILUSD,trade,219,0
c01_authority:historical_mark_candles_5m:PF_ZILUSD:7b6aaec315a051d6fc5181e2ce2a6dc75226d2ad28dc9670658991173e35a635,PF_ZILUSD,mark,219,0
c01_authority:historical_trade_candles_5m:PF_ZKUSD:fa142a85957355a48c01aa5b50a7529d72b97c8492b79eb9b2582f120b66ad10,PF_ZKUSD,trade,219,0
c01_authority:historical_mark_candles_5m:PF_ZKUSD:ee2addd8458781d114dec5adbdd1aef224341da19d4e910d306985cdc74866a1,PF_ZKUSD,mark,219,0
c01_authority:historical_trade_candles_5m:PF_ZROUSD:22caa917a80283c3f95a12bf2daa85fa9d5738e4302e3b452ee683e96b49de0a,PF_ZROUSD,trade,219,0
c01_authority:historical_mark_candles_5m:PF_ZROUSD:7a0f043a73c31d8b19d495383f8bb0265d0ca93716ceb535e706fd18c2dde696,PF_ZROUSD,mark,219,0
c01_authority:historical_trade_candles_5m:PF_ZRXUSD:e95a8af26e5d492bcecd263cbb125b46f0660d6102081527f3dcd9a0de1cdbdf,PF_ZRXUSD,trade,219,0
c01_authority:historical_mark_candles_5m:PF_ZRXUSD:0a6f4978a191d1815fd957166f4c05c7d84a0369f0907c4e73aeddc0eb3edaa8,PF_ZRXUSD,mark,219,0
